match_id,match_date,team_name,opp_name,stage,t_win_rate,t_draw_rate,t_avg_goals_for,t_avg_goals_against,t_avg_goal_diff,t_knockout_win_rate,t_matches_played,o_win_rate,o_draw_rate,o_avg_goals_for,o_avg_goals_against,o_avg_goal_diff,o_knockout_win_rate,o_matches_played,win_rate_diff,goal_diff_diff,attack_vs_defense,experience_diff,is_knockout,result,goals_for,goals_against,result_encoded
M-1930-01,1930-07-13,France,Mexico,group stage,0.5,0.2,1.5,1.5,0.0,0.5,0,0.5,0.2,1.5,1.5,0.0,0.5,0,0.0,0.0,0.0,0,0,win,4,1,2
M-1930-02,1930-07-13,United States,Belgium,group stage,0.5,0.2,1.5,1.5,0.0,0.5,0,0.5,0.2,1.5,1.5,0.0,0.5,0,0.0,0.0,0.0,0,0,win,3,0,2
M-1930-03,1930-07-14,Yugoslavia,Brazil,group stage,0.5,0.2,1.5,1.5,0.0,0.5,0,0.5,0.2,1.5,1.5,0.0,0.5,0,0.0,0.0,0.0,0,0,win,2,1,2
M-1930-04,1930-07-14,Romania,Peru,group stage,0.5,0.2,1.5,1.5,0.0,0.5,0,0.5,0.2,1.5,1.5,0.0,0.5,0,0.0,0.0,0.0,0,0,win,3,1,2
M-1930-05,1930-07-15,France,Argentina,group stage,1.0,0.0,4.0,1.0,3.0,0.5,1,0.5,0.2,1.5,1.5,0.0,0.5,0,0.5,3.0,2.5,1,0,lose,0,1,0
M-1930-06,1930-07-16,Chile,Mexico,group stage,0.5,0.2,1.5,1.5,0.0,0.5,0,0.0,0.0,1.0,4.0,-3.0,0.5,1,0.5,3.0,-2.5,-1,0,win,3,0,2
M-1930-07,1930-07-17,Yugoslavia,Bolivia,group stage,1.0,0.0,2.0,1.0,1.0,0.5,1,0.5,0.2,1.5,1.5,0.0,0.5,0,0.5,1.0,0.5,1,0,win,4,0,2
M-1930-08,1930-07-17,United States,Paraguay,group stage,1.0,0.0,3.0,0.0,3.0,0.5,1,0.5,0.2,1.5,1.5,0.0,0.5,0,0.5,3.0,1.5,1,0,win,3,0,2
M-1930-09,1930-07-18,Peru,Uruguay,group stage,0.0,0.0,1.0,3.0,-2.0,0.5,1,0.5,0.2,1.5,1.5,0.0,0.5,0,-0.5,-2.0,-0.5,1,0,lose,0,1,0
M-1930-11,1930-07-19,Argentina,Mexico,group stage,1.0,0.0,1.0,0.0,1.0,0.5,1,0.0,0.0,0.5,3.5,-3.0,0.5,2,1.0,4.0,-2.5,-1,0,win,6,3,2
M-1930-10,1930-07-19,Chile,France,group stage,1.0,0.0,3.0,0.0,3.0,0.5,1,0.5,0.0,2.0,1.0,1.0,0.5,2,0.5,2.0,2.0,-1,0,win,1,0,2
M-1930-12,1930-07-20,Brazil,Bolivia,group stage,0.0,0.0,1.0,2.0,-1.0,0.5,1,0.0,0.0,0.0,4.0,-4.0,0.5,1,0.0,3.0,-3.0,0,0,win,4,0,2
M-1930-13,1930-07-20,Paraguay,Belgium,group stage,0.0,0.0,0.0,3.0,-3.0,0.5,1,0.0,0.0,0.0,3.0,-3.0,0.5,1,0.0,0.0,-3.0,0,0,win,1,0,2
M-1930-14,1930-07-21,Uruguay,Romania,group stage,1.0,0.0,1.0,0.0,1.0,0.5,1,1.0,0.0,3.0,1.0,2.0,0.5,1,0.0,-1.0,0.0,0,0,win,4,0,2
M-1930-15,1930-07-22,Argentina,Chile,group stage,1.0,0.0,3.5,1.5,2.0,0.5,2,1.0,0.0,2.0,0.0,2.0,0.5,2,0.0,0.0,3.5,0,0,win,3,1,2
M-1930-16,1930-07-26,United States,Argentina,semi-finals,1.0,0.0,3.0,0.0,3.0,0.5,2,1.0,0.0,3.3333333333333335,1.3333333333333333,2.0,0.5,3,0.0,1.0,1.6666666666666667,-1,1,lose,1,6,0
M-1930-17,1930-07-27,Uruguay,Yugoslavia,semi-finals,1.0,0.0,2.5,0.0,2.5,0.5,2,1.0,0.0,3.0,0.5,2.5,0.5,2,0.0,0.0,2.0,0,1,win,6,1,2
M-1930-18,1930-07-30,Uruguay,Argentina,final,1.0,0.0,3.6666666666666665,0.3333333333333333,3.3333333333333335,1.0,3,1.0,0.0,4.0,1.25,2.75,1.0,4,0.0,0.5833333333333335,2.4166666666666665,-1,1,win,4,2,2
M-1934-05,1934-05-27,United States,Italy,round of 16,0.6666666666666666,0.0,2.3333333333333335,2.0,0.3333333333333333,0.0,3,0.5,0.2,1.5,1.5,0.0,0.5,0,0.16666666666666663,0.3333333333333333,0.8333333333333335,3,1,lose,1,7,0
M-1934-08,1934-05-27,Netherlands,Switzerland,round of 16,0.5,0.2,1.5,1.5,0.0,0.5,0,0.5,0.2,1.5,1.5,0.0,0.5,0,0.0,0.0,0.0,0,1,lose,2,3,0
M-1934-07,1934-05-27,Argentina,Sweden,round of 16,0.8,0.0,3.6,1.8,1.8,0.5,5,0.5,0.2,1.5,1.5,0.0,0.5,0,0.30000000000000004,1.8,2.1,5,1,lose,2,3,0
M-1934-06,1934-05-27,Brazil,Spain,round of 16,0.5,0.0,2.5,1.0,1.5,0.5,2,0.5,0.2,1.5,1.5,0.0,0.5,0,0.0,1.5,1.0,2,1,lose,1,3,0
M-1934-02,1934-05-27,Czechoslovakia,Romania,round of 16,0.5,0.2,1.5,1.5,0.0,0.5,0,0.5,0.0,1.5,2.5,-1.0,0.5,2,0.0,1.0,-1.0,-2,1,win,2,1,2
M-1934-04,1934-05-27,Hungary,Egypt,round of 16,0.5,0.2,1.5,1.5,0.0,0.5,0,0.5,0.2,1.5,1.5,0.0,0.5,0,0.0,0.0,0.0,0,1,win,4,2,2
M-1934-03,1934-05-27,Belgium,Germany,round of 16,0.0,0.0,0.0,2.0,-2.0,0.5,2,0.5,0.2,1.5,1.5,0.0,0.5,0,-0.5,-2.0,-1.5,2,1,lose,2,5,0
M-1934-01,1934-05-27,France,Austria,round of 16,0.3333333333333333,0.0,1.3333333333333333,1.0,0.3333333333333333,0.5,3,0.5,0.2,1.5,1.5,0.0,0.5,0,-0.16666666666666669,0.3333333333333333,-0.16666666666666674,3,1,lose,2,3,0
M-1934-09,1934-05-31,Austria,Hungary,quarter-finals,1.0,0.0,3.0,2.0,1.0,1.0,1,1.0,0.0,4.0,2.0,2.0,1.0,1,0.0,-1.0,1.0,0,1,win,2,1,2
M-1934-10,1934-05-31,Czechoslovakia,Switzerland,quarter-finals,1.0,0.0,2.0,1.0,1.0,1.0,1,1.0,0.0,3.0,2.0,1.0,1.0,1,0.0,0.0,0.0,0,1,win,3,2,2
M-1934-11,1934-05-31,Germany,Sweden,quarter-finals,1.0,0.0,5.0,2.0,3.0,1.0,1,1.0,0.0,3.0,2.0,1.0,1.0,1,0.0,2.0,3.0,0,1,win,2,1,2
M-1934-12,1934-05-31,Italy,Spain,quarter-finals,1.0,0.0,7.0,1.0,6.0,1.0,1,1.0,0.0,3.0,1.0,2.0,1.0,1,0.0,4.0,6.0,0,1,draw,1,1,1
M-1934-13,1934-06-01,Spain,Italy,quarter-finals,0.5,0.5,2.0,1.0,1.0,0.5,2,0.5,0.5,4.0,1.0,3.0,0.5,2,0.0,-2.0,1.0,0,1,lose,0,1,0
M-1934-14,1934-06-03,Czechoslovakia,Germany,semi-finals,1.0,0.0,2.5,1.5,1.0,1.0,2,1.0,0.0,3.5,1.5,2.0,1.0,2,0.0,-1.0,1.0,0,1,win,3,1,2
M-1934-15,1934-06-03,Italy,Austria,semi-finals,0.6666666666666666,0.3333333333333333,3.0,0.6666666666666666,2.3333333333333335,0.6666666666666666,3,1.0,0.0,2.5,1.5,1.0,1.0,2,-0.33333333333333337,1.3333333333333335,1.5,1,1,win,1,0,2
M-1934-16,1934-06-07,Germany,Austria,third-place match,0.6666666666666666,0.0,2.6666666666666665,2.0,0.6666666666666666,0.6666666666666666,3,0.6666666666666666,0.0,1.6666666666666667,1.3333333333333333,0.3333333333333333,0.6666666666666666,3,0.0,0.3333333333333333,1.3333333333333333,0,1,win,3,2,2
M-1934-17,1934-06-10,Czechoslovakia,Italy,final,1.0,0.0,2.6666666666666665,1.3333333333333333,1.3333333333333333,1.0,3,0.75,0.25,2.5,0.5,2.0,0.75,4,0.25,-0.6666666666666667,2.1666666666666665,-1,1,lose,1,2,0
M-1938-01,1938-06-04,Switzerland,Germany,round of 16,0.5,0.0,2.5,2.5,0.0,0.5,2,0.75,0.0,2.75,2.0,0.75,0.75,4,-0.25,-0.75,0.5,-2,1,draw,1,1,1
M-1938-06,1938-06-05,Brazil,Poland,round of 16,0.3333333333333333,0.0,2.0,1.6666666666666667,0.3333333333333333,0.0,3,0.5,0.2,1.5,1.5,0.0,0.5,0,-0.16666666666666669,0.3333333333333333,0.5,3,1,win,6,5,2
M-1938-05,1938-06-05,Norway,Italy,round of 16,0.5,0.2,1.5,1.5,0.0,0.5,0,0.8,0.2,2.4,0.6,1.8,0.8,5,-0.30000000000000004,-1.8,0.9,-5,1,lose,1,2,0
M-1938-07,1938-06-05,Netherlands,Czechoslovakia,round of 16,0.0,0.0,2.0,3.0,-1.0,0.0,1,0.75,0.0,2.25,1.5,0.75,0.75,4,-0.75,-1.75,0.5,-3,1,lose,0,3,0
M-1938-04,1938-06-05,Hungary,Dutch East Indies,round of 16,0.5,0.0,2.5,2.0,0.5,0.5,2,0.5,0.2,1.5,1.5,0.0,0.5,0,0.0,0.5,1.0,2,1,win,6,0,2
M-1938-03,1938-06-05,Belgium,France,round of 16,0.0,0.0,0.6666666666666666,3.0,-2.3333333333333335,0.0,3,0.25,0.0,1.5,1.5,0.0,0.0,4,-0.25,-2.3333333333333335,-0.8333333333333334,-1,1,lose,1,3,0
M-1938-02,1938-06-05,Romania,Cuba,round of 16,0.3333333333333333,0.0,1.3333333333333333,2.3333333333333335,-1.0,0.0,3,0.5,0.2,1.5,1.5,0.0,0.5,0,-0.16666666666666669,-1.0,-0.16666666666666674,3,1,draw,3,3,1
M-1938-08,1938-06-09,Cuba,Romania,round of 16,0.0,1.0,3.0,3.0,0.0,0.0,1,0.25,0.25,1.75,2.5,-0.75,0.0,4,-0.25,0.75,0.5,-3,1,win,2,1,2
M-1938-09,1938-06-09,Switzerland,Germany,round of 16,0.3333333333333333,0.3333333333333333,2.0,2.0,0.0,0.3333333333333333,3,0.6,0.2,2.4,1.8,0.6,0.6,5,-0.26666666666666666,-0.6,0.19999999999999996,-2,1,win,4,2,2
M-1938-13,1938-06-12,Sweden,Cuba,quarter-finals,0.5,0.0,2.0,2.0,0.0,0.5,2,0.5,0.5,2.5,2.0,0.5,0.5,2,0.0,-0.5,0.0,0,1,win,8,0,2
M-1938-12,1938-06-12,Italy,France,quarter-finals,0.8333333333333334,0.16666666666666666,2.3333333333333335,0.6666666666666666,1.6666666666666667,0.8333333333333334,6,0.4,0.0,1.8,1.4,0.4,0.5,5,0.43333333333333335,1.2666666666666666,0.9333333333333336,1,1,win,3,1,2
M-1938-11,1938-06-12,Hungary,Switzerland,quarter-finals,0.6666666666666666,0.0,3.6666666666666665,1.3333333333333333,2.3333333333333335,0.6666666666666666,3,0.5,0.25,2.5,2.0,0.5,0.5,4,0.16666666666666663,1.8333333333333335,1.6666666666666665,-1,1,win,2,0,2
M-1938-10,1938-06-12,Czechoslovakia,Brazil,quarter-finals,0.8,0.0,2.4,1.2,1.2,0.8,5,0.5,0.0,3.0,2.5,0.5,0.5,4,0.30000000000000004,0.7,-0.10000000000000009,1,1,draw,1,1,1
M-1938-14,1938-06-14,Brazil,Czechoslovakia,quarter-finals,0.4,0.2,2.6,2.2,0.4,0.3333333333333333,5,0.6666666666666666,0.16666666666666666,2.1666666666666665,1.1666666666666667,1.0,0.6666666666666666,6,-0.2666666666666666,-0.6,1.4333333333333333,-1,1,win,2,1,2
M-1938-15,1938-06-16,Hungary,Sweden,semi-finals,0.75,0.0,3.25,1.0,2.25,0.75,4,0.6666666666666666,0.0,4.0,1.3333333333333333,2.6666666666666665,0.6666666666666666,3,0.08333333333333337,-0.4166666666666665,1.9166666666666667,1,1,win,5,1,2
M-1938-16,1938-06-16,Italy,Brazil,semi-finals,0.8571428571428571,0.14285714285714285,2.4285714285714284,0.7142857142857143,1.7142857142857142,0.8571428571428571,7,0.5,0.16666666666666666,2.5,2.0,0.5,0.5,6,0.3571428571428571,1.2142857142857142,0.4285714285714284,1,1,win,2,1,2
M-1938-17,1938-06-19,Brazil,Sweden,third-place match,0.42857142857142855,0.14285714285714285,2.2857142857142856,2.0,0.2857142857142857,0.4,7,0.5,0.0,3.25,2.25,1.0,0.5,4,-0.07142857142857145,-0.7142857142857143,0.03571428571428559,3,1,win,4,2,2
M-1938-18,1938-06-19,Italy,Hungary,final,0.875,0.125,2.375,0.75,1.625,0.875,8,0.8,0.0,3.6,1.0,2.6,0.8,5,0.07499999999999996,-0.9750000000000001,1.375,3,1,win,4,2,2
M-1950-01,1950-06-24,Brazil,Mexico,group stage,0.5,0.125,2.5,2.0,0.5,0.5,8,0.0,0.0,1.3333333333333333,4.333333333333333,-3.0,0.5,3,0.5,3.5,-1.833333333333333,5,0,win,4,0,2
M-1950-05,1950-06-25,Italy,Sweden,group stage,0.8888888888888888,0.1111111111111111,2.5555555555555554,0.8888888888888888,1.6666666666666667,0.8888888888888888,9,0.4,0.0,3.0,2.6,0.4,0.4,5,0.4888888888888888,1.2666666666666666,-0.04444444444444473,4,0,lose,2,3,0
M-1950-04,1950-06-25,United States,Spain,group stage,0.5,0.0,2.0,3.25,-1.25,0.0,4,0.3333333333333333,0.3333333333333333,1.3333333333333333,1.0,0.3333333333333333,0.3333333333333333,3,0.16666666666666669,-1.5833333333333333,1.0,1,0,lose,1,3,0
M-1950-03,1950-06-25,England,Chile,group stage,0.5,0.2,1.5,1.5,0.0,0.5,0,0.6666666666666666,0.0,1.6666666666666667,1.0,0.6666666666666666,0.5,3,-0.16666666666666663,-0.6666666666666666,0.5,-3,0,win,2,0,2
M-1950-02,1950-06-25,Switzerland,Yugoslavia,group stage,0.4,0.2,2.0,2.0,0.0,0.4,5,0.6666666666666666,0.0,2.3333333333333335,2.3333333333333335,0.0,0.0,3,-0.2666666666666666,0.0,-0.3333333333333335,2,0,lose,0,3,0
M-1950-06,1950-06-28,Brazil,Switzerland,group stage,0.5555555555555556,0.1111111111111111,2.6666666666666665,1.7777777777777777,0.8888888888888888,0.5,9,0.3333333333333333,0.16666666666666666,1.6666666666666667,2.1666666666666665,-0.5,0.4,6,0.22222222222222227,1.3888888888888888,0.5,3,0,draw,2,2,1
M-1950-07,1950-06-28,Yugoslavia,Mexico,group stage,0.75,0.0,2.5,1.75,0.75,0.0,4,0.0,0.0,1.0,4.25,-3.25,0.5,4,0.75,4.0,-1.75,0,0,win,4,1,2
M-1950-10,1950-06-29,Paraguay,Sweden,group stage,0.5,0.0,0.5,1.5,-1.0,0.5,2,0.5,0.0,3.0,2.5,0.5,0.4,6,0.0,-1.5,-2.0,-4,0,draw,2,2,1
M-1950-09,1950-06-29,England,United States,group stage,1.0,0.0,2.0,0.0,2.0,0.5,1,0.4,0.0,1.8,3.2,-1.4,0.0,5,0.6,3.4,-1.2000000000000002,-4,0,lose,0,1,0
M-1950-08,1950-06-29,Chile,Spain,group stage,0.5,0.0,1.25,1.25,0.0,0.5,4,0.5,0.25,1.75,1.0,0.75,0.3333333333333333,4,0.0,-0.75,0.25,0,0,lose,0,2,0
M-1950-11,1950-07-01,Brazil,Yugoslavia,group stage,0.5,0.2,2.6,1.8,0.8,0.5,10,0.8,0.0,2.8,1.6,1.2,0.0,5,-0.30000000000000004,-0.3999999999999999,1.0,5,0,win,2,0,2
M-1950-16,1950-07-02,Switzerland,Mexico,group stage,0.2857142857142857,0.2857142857142857,1.7142857142857142,2.142857142857143,-0.42857142857142855,0.4,7,0.0,0.0,1.0,4.2,-3.2,0.5,5,0.2857142857142857,2.771428571428572,-2.4857142857142858,2,0,win,2,1,2
M-1950-15,1950-07-02,Bolivia,Uruguay,group stage,0.0,0.0,0.0,4.0,-4.0,0.5,2,1.0,0.0,3.75,0.75,3.0,1.0,4,-1.0,-7.0,-0.75,-2,0,lose,0,8,0
M-1950-14,1950-07-02,Paraguay,Italy,group stage,0.3333333333333333,0.3333333333333333,1.0,1.6666666666666667,-0.6666666666666666,0.5,3,0.8,0.1,2.5,1.1,1.4,0.8888888888888888,10,-0.46666666666666673,-2.0666666666666664,-0.10000000000000009,-7,0,lose,0,2,0
M-1950-13,1950-07-02,Spain,England,group stage,0.6,0.2,1.8,0.8,1.0,0.3333333333333333,5,0.5,0.0,1.0,0.5,0.5,0.5,2,0.09999999999999998,0.5,1.3,3,0,win,1,0,2
M-1950-12,1950-07-02,United States,Chile,group stage,0.5,0.0,1.6666666666666667,2.6666666666666665,-1.0,0.0,6,0.4,0.0,1.0,1.4,-0.4,0.5,5,0.09999999999999998,-0.6,0.26666666666666683,1,0,lose,2,5,0
M-1950-17,1950-07-09,Brazil,Sweden,final round,0.6,0.2,2.7,1.6,1.1,0.5,10,0.42857142857142855,0.14285714285714285,2.857142857142857,2.4285714285714284,0.42857142857142855,0.4,7,0.17142857142857143,0.6714285714285715,0.2714285714285718,3,0,win,7,1,2
M-1950-18,1950-07-09,Uruguay,Spain,final round,1.0,0.0,4.6,0.6,4.0,1.0,5,0.6666666666666666,0.16666666666666666,1.6666666666666667,0.6666666666666666,1.0,0.3333333333333333,6,0.33333333333333337,3.0,3.933333333333333,-1,0,draw,2,2,1
M-1950-19,1950-07-13,Brazil,Spain,final round,0.6,0.2,3.0,1.7,1.3,0.5,10,0.5714285714285714,0.2857142857142857,1.7142857142857142,0.8571428571428571,0.8571428571428571,0.3333333333333333,7,0.02857142857142858,0.44285714285714295,2.142857142857143,3,0,win,6,1,2
M-1950-20,1950-07-13,Uruguay,Sweden,final round,0.8333333333333334,0.16666666666666666,4.166666666666667,0.8333333333333334,3.3333333333333335,1.0,6,0.375,0.125,2.625,3.0,-0.375,0.4,8,0.45833333333333337,3.7083333333333335,1.166666666666667,-2,0,win,3,2,2
M-1950-22,1950-07-16,Uruguay,Brazil,final round,0.8571428571428571,0.14285714285714285,4.0,1.0,3.0,1.0,7,0.7,0.2,3.5,1.5,2.0,0.6,10,0.15714285714285714,1.0,2.5,-3,0,win,2,1,2
M-1950-21,1950-07-16,Sweden,Spain,final round,0.3333333333333333,0.1111111111111111,2.5555555555555554,3.0,-0.4444444444444444,0.4,9,0.5,0.25,1.625,1.5,0.125,0.3333333333333333,8,-0.16666666666666669,-0.5694444444444444,1.0555555555555554,1,0,win,3,1,2
M-1954-03,1954-06-16,Scotland,Austria,group stage,0.5,0.2,1.5,1.5,0.0,0.5,0,0.5,0.0,1.75,1.75,0.0,0.5,4,0.0,0.0,-0.25,-4,0,lose,0,1,0
M-1954-04,1954-06-16,Uruguay,Czechoslovakia,group stage,0.875,0.125,3.75,1.0,2.75,1.0,8,0.5714285714285714,0.14285714285714285,2.0,1.2857142857142858,0.7142857142857143,0.5714285714285714,7,0.3035714285714286,2.0357142857142856,2.4642857142857144,1,0,win,2,0,2
M-1954-02,1954-06-16,Yugoslavia,France,group stage,0.6666666666666666,0.0,2.3333333333333335,1.6666666666666667,0.6666666666666666,0.0,6,0.3333333333333333,0.0,1.6666666666666667,1.6666666666666667,0.0,0.3333333333333333,6,0.3333333333333333,0.6666666666666666,0.6666666666666667,0,0,win,1,0,2
M-1954-01,1954-06-16,Mexico,Brazil,group stage,0.0,0.0,1.0,3.8333333333333335,-2.8333333333333335,0.5,6,0.6,0.2,3.0,1.2,1.8,0.5,10,-0.6,-4.633333333333334,-0.19999999999999996,-4,0,lose,0,5,0
M-1954-08,1954-06-17,England,Belgium,group stage,0.3333333333333333,0.0,0.6666666666666666,0.6666666666666666,0.0,0.5,3,0.0,0.0,0.75,3.0,-2.25,0.0,4,0.3333333333333333,2.25,-2.3333333333333335,-1,0,draw,4,4,1
M-1954-07,1954-06-17,Turkey,West Germany,group stage,0.5,0.2,1.5,1.5,0.0,0.5,0,0.5,0.2,1.5,1.5,0.0,0.5,0,0.0,0.0,0.0,0,0,lose,1,4,0
M-1954-06,1954-06-17,Hungary,South Korea,group stage,0.6666666666666666,0.0,3.3333333333333335,1.5,1.8333333333333333,0.6666666666666666,6,0.5,0.2,1.5,1.5,0.0,0.5,0,0.16666666666666663,1.8333333333333333,1.8333333333333335,6,0,win,9,0,2
M-1954-05,1954-06-17,Italy,Switzerland,group stage,0.8,0.1,2.0,1.0,1.0,0.875,10,0.375,0.25,1.75,2.0,-0.25,0.4,8,0.42500000000000004,1.25,0.0,2,0,lose,1,2,0
M-1954-09,1954-06-19,Uruguay,Scotland,group stage,0.8888888888888888,0.1111111111111111,3.5555555555555554,0.8888888888888888,2.6666666666666665,1.0,9,0.0,0.0,0.0,1.0,-1.0,0.5,1,0.8888888888888888,3.6666666666666665,2.5555555555555554,8,0,win,7,0,2
M-1954-10,1954-06-19,Brazil,Yugoslavia,group stage,0.7,0.1,3.4,1.1,2.3,0.6666666666666666,10,0.7142857142857143,0.0,2.142857142857143,1.4285714285714286,0.7142857142857143,0.0,7,-0.014285714285714346,1.5857142857142854,1.9714285714285713,3,0,draw,1,1,1
M-1954-11,1954-06-19,Austria,Czechoslovakia,group stage,0.6,0.0,1.6,1.4,0.2,0.5,5,0.5,0.125,1.75,1.375,0.375,0.5714285714285714,8,0.09999999999999998,-0.175,0.2250000000000001,-3,0,win,5,0,2
M-1954-12,1954-06-19,France,Mexico,group stage,0.2857142857142857,0.0,1.4285714285714286,1.5714285714285714,-0.14285714285714285,0.3333333333333333,7,0.0,0.0,0.8571428571428571,4.0,-3.142857142857143,0.5,7,0.2857142857142857,3.0,-2.571428571428571,0,0,win,3,2,2
M-1954-15,1954-06-20,Belgium,Italy,group stage,0.0,0.2,1.4,3.2,-1.8,0.0,5,0.8,0.0,2.0,1.1,0.9,1.0,10,-0.8,-2.7,0.2999999999999998,-5,0,lose,1,4,0
M-1954-16,1954-06-20,Switzerland,England,group stage,0.4444444444444444,0.2222222222222222,1.7777777777777777,1.8888888888888888,-0.1111111111111111,0.4,9,0.25,0.25,1.5,1.5,0.0,0.5,4,0.19444444444444442,-0.1111111111111111,0.2777777777777777,5,0,lose,0,2,0
M-1954-13,1954-06-20,Hungary,West Germany,group stage,0.7142857142857143,0.0,4.142857142857143,1.2857142857142858,2.857142857142857,0.6666666666666666,7,1.0,0.0,4.0,1.0,3.0,0.5,1,-0.2857142857142857,-0.1428571428571428,3.1428571428571432,6,0,win,8,3,2
M-1954-14,1954-06-20,Turkey,South Korea,group stage,0.0,0.0,1.0,4.0,-3.0,0.5,1,0.0,0.0,0.0,9.0,-9.0,0.5,1,0.0,6.0,-8.0,0,0,win,7,0,2
M-1954-17,1954-06-23,West Germany,Turkey,group stage,0.5,0.0,3.5,4.5,-1.0,0.5,2,0.5,0.0,4.0,2.0,2.0,0.5,2,0.0,-3.0,1.5,0,0,win,7,2,2
M-1954-18,1954-06-23,Switzerland,Italy,group stage,0.4,0.2,1.6,1.9,-0.3,0.4,10,0.8,0.0,2.3,1.2,1.1,1.0,10,-0.4,-1.4000000000000001,0.40000000000000013,0,0,win,4,1,2
M-1954-19,1954-06-26,Austria,Switzerland,quarter-finals,0.6666666666666666,0.0,2.1666666666666665,1.1666666666666667,1.0,0.5,6,0.4,0.2,1.7,1.8,-0.1,0.25,10,0.2666666666666666,1.1,0.3666666666666665,-4,1,win,7,5,2
M-1954-20,1954-06-26,Uruguay,England,quarter-finals,0.9,0.1,3.9,0.8,3.1,1.0,10,0.4,0.2,1.6,1.2,0.4,0.5,5,0.5,2.7,2.7,5,1,win,4,2,2
M-1954-22,1954-06-27,Yugoslavia,West Germany,quarter-finals,0.625,0.125,2.0,1.375,0.625,0.0,8,0.6666666666666666,0.0,4.666666666666667,3.6666666666666665,1.0,0.5,3,-0.04166666666666663,-0.375,-1.6666666666666665,5,1,lose,0,2,0
M-1954-21,1954-06-27,Hungary,Brazil,quarter-finals,0.75,0.0,4.625,1.5,3.125,0.6666666666666666,8,0.6,0.2,3.3,1.1,2.2,0.5,10,0.15000000000000002,0.9249999999999998,3.525,-2,1,win,4,2,2
M-1954-24,1954-06-30,West Germany,Austria,semi-finals,0.75,0.0,4.0,2.75,1.25,1.0,4,0.7142857142857143,0.0,2.857142857142857,1.7142857142857142,1.1428571428571428,0.6,7,0.0357142857142857,0.1071428571428572,2.2857142857142856,-3,1,win,6,1,2
M-1954-23,1954-06-30,Hungary,Uruguay,semi-finals,0.7777777777777778,0.0,4.555555555555555,1.5555555555555556,3.0,0.7142857142857143,9,0.9,0.1,4.2,1.0,3.2,1.0,10,-0.12222222222222223,-0.20000000000000018,3.5555555555555554,-1,1,win,4,2,2
M-1954-25,1954-07-03,Austria,Uruguay,third-place match,0.625,0.0,2.625,2.25,0.375,0.5,8,0.8,0.1,4.0,1.4,2.6,0.75,10,-0.17500000000000004,-2.225,1.225,-2,1,win,3,1,2
M-1954-26,1954-07-04,West Germany,Hungary,final,0.8,0.0,4.4,2.4,2.0,1.0,5,0.8,0.0,4.5,1.6,2.9,0.75,10,0.0,-0.8999999999999999,2.8000000000000003,-5,1,win,3,2,2
M-1958-08,1958-06-08,England,Soviet Union,group stage,0.3333333333333333,0.16666666666666666,1.6666666666666667,1.6666666666666667,0.0,0.0,6,0.5,0.2,1.5,1.5,0.0,0.5,0,-0.16666666666666669,0.0,0.16666666666666674,6,0,draw,2,2,1
M-1958-07,1958-06-08,Austria,Brazil,group stage,0.6666666666666666,0.0,2.6666666666666665,2.111111111111111,0.5555555555555556,0.5714285714285714,9,0.6,0.2,3.4,1.3,2.1,0.5,10,0.06666666666666665,-1.5444444444444445,1.3666666666666665,-1,0,lose,0,3,0
M-1958-06,1958-06-08,Wales,Hungary,group stage,0.5,0.2,1.5,1.5,0.0,0.5,0,0.7,0.0,4.3,1.7,2.6,0.625,10,-0.19999999999999996,-2.6,-0.19999999999999996,-10,0,draw,1,1,1
M-1958-05,1958-06-08,Scotland,Yugoslavia,group stage,0.0,0.0,0.0,4.0,-4.0,0.5,2,0.5555555555555556,0.1111111111111111,1.7777777777777777,1.4444444444444444,0.3333333333333333,0.0,9,-0.5555555555555556,-4.333333333333333,-1.4444444444444444,-7,0,draw,1,1,1
M-1958-04,1958-06-08,France,Paraguay,group stage,0.375,0.0,1.625,1.625,0.0,0.3333333333333333,8,0.25,0.25,0.75,1.75,-1.0,0.5,4,0.125,1.0,-0.125,4,0,win,7,3,2
M-1958-03,1958-06-08,Czechoslovakia,Northern Ireland,group stage,0.4444444444444444,0.1111111111111111,1.5555555555555556,1.7777777777777777,-0.2222222222222222,0.5714285714285714,9,0.5,0.2,1.5,1.5,0.0,0.5,0,-0.05555555555555558,-0.2222222222222222,0.05555555555555558,9,0,lose,0,1,0
M-1958-02,1958-06-08,West Germany,Argentina,group stage,0.8333333333333334,0.0,4.166666666666667,2.3333333333333335,1.8333333333333333,1.0,6,0.6666666666666666,0.0,3.3333333333333335,2.0,1.3333333333333333,0.3333333333333333,6,0.16666666666666674,0.5,2.166666666666667,0,0,win,3,1,2
M-1958-01,1958-06-08,Mexico,Sweden,group stage,0.0,0.0,1.0,3.875,-2.875,0.5,8,0.4,0.1,2.6,2.8,-0.2,0.4,10,-0.4,-2.675,-1.7999999999999998,-2,0,lose,0,3,0
M-1958-13,1958-06-11,Mexico,Wales,group stage,0.0,0.0,0.8888888888888888,3.7777777777777777,-2.888888888888889,0.5,9,0.0,1.0,1.0,1.0,0.0,0.5,1,0.0,-2.888888888888889,-0.11111111111111116,8,0,draw,1,1,1
M-1958-15,1958-06-11,Austria,Soviet Union,group stage,0.6,0.0,2.4,2.2,0.2,0.5714285714285714,10,0.0,1.0,2.0,2.0,0.0,0.5,1,0.6,0.2,0.3999999999999999,9,0,lose,0,2,0
M-1958-14,1958-06-11,England,Brazil,group stage,0.2857142857142857,0.2857142857142857,1.7142857142857142,1.7142857142857142,0.0,0.0,7,0.6,0.2,3.3,1.1,2.2,0.0,10,-0.3142857142857143,-2.2,0.6142857142857141,-3,0,draw,0,0,1
M-1958-12,1958-06-11,France,Yugoslavia,group stage,0.4444444444444444,0.0,2.2222222222222223,1.7777777777777777,0.4444444444444444,0.3333333333333333,9,0.5,0.2,1.7,1.4,0.3,0.0,10,-0.05555555555555558,0.14444444444444443,0.8222222222222224,-1,0,lose,2,3,0
M-1958-09,1958-06-11,Argentina,Northern Ireland,group stage,0.5714285714285714,0.0,3.0,2.142857142857143,0.8571428571428571,0.3333333333333333,7,1.0,0.0,1.0,0.0,1.0,0.5,1,-0.4285714285714286,-0.1428571428571429,3.0,6,0,win,3,1,2
M-1958-11,1958-06-11,Scotland,Paraguay,group stage,0.0,0.3333333333333333,0.3333333333333333,3.0,-2.6666666666666665,0.5,3,0.2,0.2,1.2,2.8,-1.6,0.5,5,-0.2,-1.0666666666666664,-2.4666666666666663,-2,0,lose,2,3,0
M-1958-10,1958-06-11,Czechoslovakia,West Germany,group stage,0.4,0.1,1.4,1.7,-0.3,0.5714285714285714,10,0.8571428571428571,0.0,4.0,2.142857142857143,1.8571428571428572,1.0,7,-0.4571428571428571,-2.157142857142857,-0.7428571428571429,3,0,draw,2,2,1
M-1958-16,1958-06-12,Sweden,Hungary,group stage,0.4,0.1,2.6,2.6,0.0,0.25,10,0.7,0.1,4.3,1.6,2.7,0.7142857142857143,10,-0.29999999999999993,-2.7,1.0,0,0,win,2,1,2
M-1958-21,1958-06-15,Yugoslavia,Paraguay,group stage,0.5,0.2,1.8,1.5,0.3,0.0,10,0.3333333333333333,0.16666666666666666,1.5,2.6666666666666665,-1.1666666666666667,0.5,6,0.16666666666666669,1.4666666666666668,-0.8666666666666665,4,0,draw,3,3,1
M-1958-24,1958-06-15,Austria,England,group stage,0.5,0.0,2.1,2.2,-0.1,0.5,10,0.25,0.375,1.5,1.5,0.0,0.0,8,0.25,-0.1,0.6000000000000001,2,0,draw,2,2,1
M-1958-23,1958-06-15,Soviet Union,Brazil,group stage,0.5,0.5,2.0,1.0,1.0,0.5,2,0.5,0.3,2.9,1.1,1.8,0.0,10,0.0,-0.8,0.8999999999999999,-8,0,lose,0,2,0
M-1958-22,1958-06-15,Mexico,Hungary,group stage,0.0,0.1,0.9,3.5,-2.6,0.5,10,0.6,0.1,3.8,1.8,2.0,0.6666666666666666,10,-0.6,-4.6,-0.9,0,0,lose,0,4,0
M-1958-17,1958-06-15,Sweden,Wales,group stage,0.5,0.1,2.7,2.5,0.2,0.3333333333333333,10,0.0,1.0,1.0,1.0,0.0,0.5,2,0.5,0.2,1.7000000000000002,8,0,draw,0,0,1
M-1958-20,1958-06-15,France,Scotland,group stage,0.4,0.0,2.2,1.9,0.3,0.3333333333333333,10,0.0,0.25,0.75,3.0,-2.25,0.5,4,0.4,2.55,-0.7999999999999998,6,0,win,2,1,2
M-1958-19,1958-06-15,Northern Ireland,West Germany,group stage,0.5,0.0,1.0,1.5,-0.5,0.5,2,0.75,0.125,3.75,2.125,1.625,1.0,8,-0.25,-2.125,-1.125,-6,0,draw,2,2,1
M-1958-18,1958-06-15,Argentina,Czechoslovakia,group stage,0.625,0.0,3.0,2.0,1.0,0.3333333333333333,8,0.3,0.2,1.4,1.8,-0.4,0.5,10,0.325,1.4,1.2,-2,0,lose,1,6,0
M-1958-27,1958-06-17,England,Soviet Union,group stage,0.2222222222222222,0.4444444444444444,1.5555555555555556,1.5555555555555556,0.0,0.0,9,0.3333333333333333,0.3333333333333333,1.3333333333333333,1.3333333333333333,0.0,0.5,3,-0.1111111111111111,0.0,0.22222222222222232,6,0,lose,0,1,0
M-1958-26,1958-06-17,Hungary,Wales,group stage,0.6,0.1,4.0,1.8,2.2,0.6,10,0.0,1.0,0.6666666666666666,0.6666666666666666,0.0,0.5,3,0.6,2.2,3.3333333333333335,7,0,lose,1,2,0
M-1958-25,1958-06-17,Czechoslovakia,Northern Ireland,group stage,0.3,0.2,1.7,1.7,0.0,0.4,10,0.3333333333333333,0.3333333333333333,1.3333333333333333,1.6666666666666667,-0.3333333333333333,0.5,3,-0.033333333333333326,0.3333333333333333,0.033333333333333215,7,0,lose,1,2,0
M-1958-30,1958-06-19,Soviet Union,Sweden,quarter-finals,0.5,0.25,1.25,1.0,0.25,0.5,4,0.4,0.2,1.9,2.5,-0.6,0.0,10,0.09999999999999998,0.85,-1.25,-6,1,lose,0,2,0
M-1958-31,1958-06-19,Yugoslavia,West Germany,quarter-finals,0.4,0.3,1.7,1.8,-0.1,0.0,10,0.6666666666666666,0.2222222222222222,3.5555555555555554,2.111111111111111,1.4444444444444444,1.0,9,-0.2666666666666666,-1.5444444444444445,-0.4111111111111112,1,1,lose,0,1,0
M-1958-29,1958-06-19,France,Northern Ireland,quarter-finals,0.4,0.0,2.0,1.9,0.1,0.3333333333333333,10,0.5,0.25,1.5,1.5,0.0,0.5,4,-0.09999999999999998,0.1,0.5,6,1,win,4,0,2
M-1958-28,1958-06-19,Wales,Brazil,quarter-finals,0.25,0.75,1.0,0.75,0.25,0.5,4,0.6,0.2,2.9,0.9,2.0,0.0,10,-0.35,-1.75,0.09999999999999998,-6,1,lose,0,1,0
M-1958-32,1958-06-24,Brazil,France,semi-finals,0.6,0.2,2.8,0.9,1.9,0.5,10,0.5,0.0,2.4,1.8,0.6,0.5,10,0.09999999999999998,1.2999999999999998,0.9999999999999998,0,1,win,5,2,2
M-1958-33,1958-06-24,Sweden,West Germany,semi-finals,0.5,0.2,2.0,2.0,0.0,0.5,10,0.7,0.2,3.3,1.9,1.4,1.0,10,-0.19999999999999996,-1.4,0.10000000000000009,0,1,win,3,1,2
M-1958-34,1958-06-28,France,West Germany,third-place match,0.5,0.0,2.6,2.2,0.4,0.4,10,0.6,0.2,3.0,2.1,0.9,0.8,10,-0.09999999999999998,-0.5,0.5,0,1,win,6,3,2
M-1958-35,1958-06-29,Brazil,Sweden,final,0.6,0.2,2.6,1.0,1.6,0.6666666666666666,10,0.6,0.2,2.1,1.7,0.4,1.0,10,0.0,1.2000000000000002,0.9000000000000001,0,1,win,5,2,2
M-1962-03,1962-05-30,Mexico,Brazil,group stage,0.0,0.1,0.8,3.5,-2.7,0.5,10,0.6,0.2,2.5,1.1,1.4,0.75,10,-0.6,-4.1,-0.30000000000000004,0,0,lose,0,2,0
M-1962-04,1962-05-30,Argentina,Bulgaria,group stage,0.5555555555555556,0.0,2.7777777777777777,2.4444444444444446,0.3333333333333333,0.3333333333333333,9,0.5,0.2,1.5,1.5,0.0,0.5,0,0.05555555555555558,0.3333333333333333,1.2777777777777777,9,0,win,1,0,2
M-1962-02,1962-05-30,Chile,Switzerland,group stage,0.5,0.0,1.6666666666666667,1.5,0.16666666666666666,0.5,6,0.4,0.2,2.0,2.2,-0.2,0.25,10,0.09999999999999998,0.3666666666666667,-0.5333333333333334,-4,0,win,3,1,2
M-1962-01,1962-05-30,Colombia,Uruguay,group stage,0.5,0.2,1.5,1.5,0.0,0.5,0,0.7,0.1,3.5,1.6,1.9,0.5,10,-0.19999999999999996,-1.9,-0.10000000000000009,-10,0,lose,1,2,0
M-1962-05,1962-05-31,Soviet Union,Yugoslavia,group stage,0.4,0.2,1.0,1.2,-0.2,0.0,5,0.4,0.3,1.6,1.3,0.3,0.0,10,0.0,-0.5,-0.30000000000000004,-5,0,win,2,0,2
M-1962-06,1962-05-31,West Germany,Italy,group stage,0.6,0.2,3.0,1.9,1.1,0.6666666666666666,10,0.7,0.0,2.3,1.6,0.7,1.0,10,-0.09999999999999998,0.40000000000000013,1.4,0,0,draw,0,0,1
M-1962-07,1962-05-31,Czechoslovakia,Spain,group stage,0.2,0.2,1.5,1.8,-0.3,0.25,10,0.4444444444444444,0.2222222222222222,1.5555555555555556,1.6666666666666667,-0.1111111111111111,0.3333333333333333,9,-0.2444444444444444,-0.18888888888888888,-0.16666666666666674,1,0,win,1,0,2
M-1962-08,1962-05-31,Hungary,England,group stage,0.5,0.1,3.6,1.9,1.7,0.5,10,0.2,0.4,1.4,1.5,-0.1,0.0,10,0.3,1.8,2.1,0,0,win,2,1,2
M-1962-12,1962-06-02,England,Argentina,group stage,0.1,0.4,1.3,1.7,-0.4,0.0,10,0.6,0.0,2.6,2.2,0.4,0.3333333333333333,10,-0.5,-0.8,-0.9000000000000001,0,0,win,3,1,2
M-1962-11,1962-06-02,Czechoslovakia,Brazil,group stage,0.3,0.2,1.5,1.6,-0.1,0.3333333333333333,10,0.7,0.2,2.6,0.9,1.7,0.75,10,-0.39999999999999997,-1.8,0.6,0,0,draw,0,0,1
M-1962-10,1962-06-02,Chile,Italy,group stage,0.5714285714285714,0.0,1.8571428571428572,1.4285714285714286,0.42857142857142855,0.5,7,0.6,0.1,2.1,1.5,0.6,1.0,10,-0.02857142857142858,-0.17142857142857143,0.3571428571428572,-3,0,win,2,0,2
M-1962-09,1962-06-02,Uruguay,Yugoslavia,group stage,0.7,0.1,3.3,1.5,1.8,0.3333333333333333,10,0.3,0.3,1.3,1.5,-0.2,0.0,10,0.39999999999999997,2.0,1.7999999999999998,0,0,lose,1,3,0
M-1962-16,1962-06-03,Hungary,Bulgaria,group stage,0.6,0.1,3.6,1.6,2.0,0.6666666666666666,10,0.0,0.0,0.0,1.0,-1.0,0.5,1,0.6,3.0,2.6,9,0,win,6,1,2
M-1962-15,1962-06-03,Mexico,Spain,group stage,0.0,0.1,0.8,3.4,-2.6,0.5,10,0.4,0.2,1.4,1.6,-0.2,0.3333333333333333,10,-0.4,-2.4,-0.8,0,0,lose,0,1,0
M-1962-14,1962-06-03,West Germany,Switzerland,group stage,0.5,0.3,2.3,1.7,0.6,0.6666666666666666,10,0.4,0.1,2.0,2.4,-0.4,0.3333333333333333,10,0.09999999999999998,1.0,-0.10000000000000009,0,0,win,2,1,2
M-1962-13,1962-06-03,Colombia,Soviet Union,group stage,0.0,0.0,1.0,2.0,-1.0,0.5,1,0.5,0.16666666666666666,1.1666666666666667,1.0,0.16666666666666666,0.0,6,-0.5,-1.1666666666666667,0.0,-5,0,draw,4,4,1
M-1962-17,1962-06-06,Soviet Union,Uruguay,group stage,0.42857142857142855,0.2857142857142857,1.5714285714285714,1.4285714285714286,0.14285714285714285,0.0,7,0.6,0.1,2.6,1.8,0.8,0.3333333333333333,10,-0.17142857142857143,-0.6571428571428573,-0.22857142857142865,-3,0,win,2,1,2
M-1962-18,1962-06-06,West Germany,Chile,group stage,0.5,0.3,2.3,1.8,0.5,0.6,10,0.625,0.0,1.875,1.25,0.625,0.5,8,-0.125,-0.125,1.0499999999999998,2,0,win,2,0,2
M-1962-19,1962-06-06,Brazil,Spain,group stage,0.6,0.3,2.1,0.9,1.2,0.75,10,0.4,0.2,1.2,1.5,-0.3,0.0,10,0.19999999999999996,1.5,0.6000000000000001,0,0,win,2,1,2
M-1962-20,1962-06-06,Hungary,Argentina,group stage,0.6,0.1,3.3,1.7,1.6,0.6666666666666666,10,0.5,0.0,2.6,2.5,0.1,0.3333333333333333,10,0.09999999999999998,1.5,0.7999999999999998,0,0,draw,0,0,1
M-1962-23,1962-06-07,Czechoslovakia,Mexico,group stage,0.2,0.3,1.2,1.6,-0.4,0.0,10,0.0,0.1,0.5,2.9,-2.4,0.5,10,0.2,2.0,-1.7,0,0,lose,1,3,0
M-1962-24,1962-06-07,Bulgaria,England,group stage,0.0,0.0,0.5,3.5,-3.0,0.5,2,0.2,0.4,1.6,1.7,-0.1,0.0,10,-0.2,-2.9,-1.2,-8,0,draw,0,0,1
M-1962-21,1962-06-07,Yugoslavia,Colombia,group stage,0.3,0.3,1.2,1.5,-0.3,0.0,10,0.0,0.5,2.5,3.0,-0.5,0.5,2,0.3,0.2,-1.8,8,0,win,5,0,2
M-1962-22,1962-06-07,Italy,Switzerland,group stage,0.5,0.1,1.9,1.6,0.3,1.0,10,0.3,0.1,1.7,2.4,-0.7,0.0,10,0.2,1.0,-0.5,0,0,win,3,0,2
M-1962-28,1962-06-10,Yugoslavia,West Germany,quarter-finals,0.4,0.3,1.7,1.3,0.4,0.0,10,0.5,0.3,1.9,1.7,0.2,0.5,10,-0.09999999999999998,0.2,0.0,0,1,win,1,0,2
M-1962-27,1962-06-10,Hungary,Czechoslovakia,quarter-finals,0.5,0.2,2.5,1.4,1.1,0.6666666666666666,10,0.2,0.2,1.2,1.8,-0.6,0.0,10,0.3,1.7000000000000002,0.7,0,1,lose,0,1,0
M-1962-26,1962-06-10,Chile,Soviet Union,quarter-finals,0.5555555555555556,0.0,1.6666666666666667,1.3333333333333333,0.3333333333333333,0.5,9,0.5,0.25,1.625,1.375,0.25,0.0,8,0.05555555555555558,0.08333333333333331,0.29166666666666674,1,1,win,2,1,2
M-1962-25,1962-06-10,England,Brazil,quarter-finals,0.2,0.5,1.6,1.6,0.0,0.0,10,0.7,0.2,2.2,0.9,1.3,0.75,10,-0.49999999999999994,-1.3,0.7000000000000001,0,1,lose,1,3,0
M-1962-29,1962-06-13,Brazil,Chile,semi-finals,0.8,0.2,2.3,0.6,1.7,1.0,10,0.6,0.0,1.7,1.3,0.4,1.0,10,0.20000000000000007,1.2999999999999998,0.9999999999999998,0,1,win,4,2,2
M-1962-30,1962-06-13,Czechoslovakia,Yugoslavia,semi-finals,0.3,0.2,1.2,1.6,-0.4,1.0,10,0.4,0.3,1.7,1.3,0.4,0.3333333333333333,10,-0.10000000000000003,-0.8,-0.10000000000000009,0,1,win,3,1,2
M-1962-31,1962-06-16,Chile,Yugoslavia,third-place match,0.5,0.0,1.6,1.7,-0.1,0.5,10,0.4,0.2,1.7,1.5,0.2,0.25,10,0.09999999999999998,-0.30000000000000004,0.10000000000000009,0,1,win,1,0,2
M-1962-32,1962-06-17,Brazil,Czechoslovakia,final,0.8,0.2,2.4,0.8,1.6,1.0,10,0.4,0.2,1.5,1.5,0.0,1.0,10,0.4,1.6,0.8999999999999999,0,1,win,3,1,2
M-1966-01,1966-07-11,Uruguay,England,group stage,0.6,0.0,2.5,1.8,0.7,0.3333333333333333,10,0.2,0.4,1.3,1.5,-0.2,0.0,10,0.39999999999999997,0.8999999999999999,1.0,0,0,draw,0,0,1
M-1966-02,1966-07-12,West Germany,Switzerland,group stage,0.4,0.3,1.6,1.6,0.0,0.25,10,0.3,0.1,1.7,2.5,-0.8,0.0,10,0.10000000000000003,0.8,-0.8999999999999999,0,0,win,5,0,2
M-1966-03,1966-07-12,Brazil,Bulgaria,group stage,0.9,0.1,2.7,0.9,1.8,1.0,10,0.0,0.3333333333333333,0.3333333333333333,2.3333333333333335,-2.0,0.5,3,0.9,3.8,0.3666666666666667,7,0,win,2,0,2
M-1966-04,1966-07-12,Soviet Union,North Korea,group stage,0.4444444444444444,0.2222222222222222,1.5555555555555556,1.4444444444444444,0.1111111111111111,0.0,9,0.5,0.2,1.5,1.5,0.0,0.5,0,-0.05555555555555558,0.1111111111111111,0.05555555555555558,9,0,win,3,0,2
M-1966-06,1966-07-13,Argentina,Spain,group stage,0.4,0.1,2.0,2.2,-0.2,0.3333333333333333,10,0.4,0.1,1.2,1.6,-0.4,0.0,10,0.0,0.2,0.3999999999999999,0,0,win,2,1,2
M-1966-05,1966-07-13,France,Mexico,group stage,0.6,0.0,3.0,2.2,0.8,0.6,10,0.1,0.1,0.8,2.6,-1.8,0.5,10,0.5,2.6,0.3999999999999999,0,0,draw,1,1,1
M-1966-07,1966-07-13,Portugal,Hungary,group stage,0.5,0.2,1.5,1.5,0.0,0.5,0,0.4,0.2,2.1,1.3,0.8,0.3333333333333333,10,0.09999999999999998,-0.8,0.19999999999999996,-10,0,win,3,1,2
M-1966-08,1966-07-13,Italy,Chile,group stage,0.5,0.1,1.9,1.5,0.4,1.0,10,0.5,0.0,1.6,1.7,-0.1,0.6666666666666666,10,0.0,0.5,0.19999999999999996,0,0,win,2,0,2
M-1966-12,1966-07-15,Chile,North Korea,group stage,0.5,0.0,1.5,1.6,-0.1,0.6666666666666666,10,0.0,0.0,0.0,3.0,-3.0,0.5,1,0.5,2.9,-1.5,9,0,draw,1,1,1
M-1966-11,1966-07-15,Brazil,Hungary,group stage,0.9,0.1,2.7,0.9,1.8,1.0,10,0.3,0.2,1.8,1.4,0.4,0.0,10,0.6000000000000001,1.4,1.3000000000000003,0,0,lose,1,3,0
M-1966-10,1966-07-15,Switzerland,Spain,group stage,0.3,0.1,1.7,2.7,-1.0,0.0,10,0.4,0.1,1.3,1.7,-0.4,0.5,10,-0.10000000000000003,-0.6,0.0,0,0,lose,1,2,0
M-1966-09,1966-07-15,France,Uruguay,group stage,0.5,0.1,2.8,2.2,0.6,0.5,10,0.5,0.1,2.2,1.6,0.6,0.3333333333333333,10,0.0,0.0,1.1999999999999997,0,0,lose,1,2,0
M-1966-13,1966-07-16,Argentina,West Germany,group stage,0.4,0.1,1.9,2.2,-0.3,0.3333333333333333,10,0.4,0.3,1.8,1.5,0.3,0.25,10,0.0,-0.6,0.3999999999999999,0,0,draw,0,0,1
M-1966-14,1966-07-16,Portugal,Bulgaria,group stage,1.0,0.0,3.0,1.0,2.0,0.5,1,0.0,0.25,0.25,2.25,-2.0,0.5,4,1.0,4.0,0.75,-3,0,win,3,0,2
M-1966-15,1966-07-16,Soviet Union,Italy,group stage,0.5,0.2,1.7,1.3,0.4,0.0,10,0.5,0.1,1.9,1.4,0.5,1.0,10,0.0,-0.09999999999999998,0.30000000000000004,0,0,win,1,0,2
M-1966-16,1966-07-16,England,Mexico,group stage,0.1,0.5,1.1,1.5,-0.4,0.0,10,0.1,0.2,0.8,2.3,-1.5,0.5,10,0.0,1.1,-1.1999999999999997,0,0,win,2,0,2
M-1966-20,1966-07-19,North Korea,Italy,group stage,0.0,0.5,0.5,2.0,-1.5,0.5,2,0.4,0.1,1.5,1.3,0.2,0.5,10,-0.4,-1.7,-0.8,-8,0,win,1,0,2
M-1966-19,1966-07-19,Brazil,Portugal,group stage,0.8,0.1,2.7,1.2,1.5,1.0,10,1.0,0.0,3.0,0.5,2.5,0.5,2,-0.19999999999999996,-1.0,2.2,8,0,lose,1,3,0
M-1966-18,1966-07-19,Switzerland,Argentina,group stage,0.3,0.0,1.6,2.7,-1.1,0.0,10,0.3,0.2,1.3,2.1,-0.8,0.0,10,0.0,-0.30000000000000004,-0.5,0,0,lose,0,2,0
M-1966-17,1966-07-19,Uruguay,Mexico,group stage,0.5,0.1,2.2,1.6,0.6,0.3333333333333333,10,0.1,0.2,0.7,2.3,-1.6,0.5,10,0.4,2.2,-0.09999999999999964,0,0,draw,0,0,1
M-1966-21,1966-07-20,England,France,group stage,0.2,0.5,1.1,1.1,0.0,0.0,10,0.5,0.1,2.8,2.1,0.7,0.6666666666666666,10,-0.3,-0.7,-1.0,0,0,win,2,0,2
M-1966-22,1966-07-20,West Germany,Spain,group stage,0.4,0.3,1.6,1.3,0.3,0.25,10,0.4,0.1,1.2,1.7,-0.5,0.5,10,0.0,0.8,-0.09999999999999987,0,0,win,2,1,2
M-1966-23,1966-07-20,Hungary,Bulgaria,group stage,0.4,0.2,1.9,1.2,0.7,0.0,10,0.0,0.2,0.2,2.4,-2.2,0.5,5,0.4,2.9000000000000004,-0.5,5,0,win,3,1,2
M-1966-24,1966-07-20,Soviet Union,Chile,group stage,0.6,0.1,1.6,1.1,0.5,0.0,10,0.5,0.1,1.6,1.5,0.1,0.6666666666666666,10,0.09999999999999998,0.4,0.10000000000000009,0,0,win,2,1,2
M-1966-28,1966-07-23,West Germany,Uruguay,quarter-finals,0.5,0.2,1.6,1.2,0.4,0.25,10,0.4,0.2,2.0,1.6,0.4,0.3333333333333333,10,0.09999999999999998,0.0,0.0,0,1,win,4,0,2
M-1966-27,1966-07-23,Hungary,Soviet Union,quarter-finals,0.5,0.1,2.1,1.2,0.9,0.0,10,0.6,0.1,1.6,1.2,0.4,0.0,10,-0.09999999999999998,0.5,0.9000000000000001,0,1,lose,1,2,0
M-1966-26,1966-07-23,Portugal,North Korea,quarter-finals,1.0,0.0,3.0,0.6666666666666666,2.3333333333333335,0.5,3,0.3333333333333333,0.3333333333333333,0.6666666666666666,1.3333333333333333,-0.6666666666666666,0.5,3,0.6666666666666667,3.0,1.6666666666666667,0,1,win,5,3,2
M-1966-25,1966-07-23,Argentina,England,quarter-finals,0.4,0.2,1.3,1.7,-0.4,0.0,10,0.3,0.4,1.1,0.9,0.2,0.0,10,0.10000000000000003,-0.6000000000000001,0.4,0,1,lose,0,1,0
M-1966-29,1966-07-25,Soviet Union,West Germany,semi-finals,0.7,0.1,1.8,1.1,0.7,0.3333333333333333,10,0.5,0.2,1.9,1.2,0.7,0.25,10,0.19999999999999996,0.0,0.6000000000000001,0,1,lose,1,2,0
M-1966-30,1966-07-26,England,Portugal,semi-finals,0.4,0.3,1.2,0.9,0.3,0.5,10,1.0,0.0,3.5,1.25,2.25,1.0,4,-0.6,-1.95,-0.050000000000000044,6,1,win,2,1,2
M-1966-31,1966-07-28,Portugal,Soviet Union,third-place match,0.8,0.0,3.0,1.4,1.6,0.5,5,0.6,0.1,1.8,1.3,0.5,0.25,10,0.20000000000000007,1.1,1.7,-5,1,win,2,1,2
M-1966-32,1966-07-30,England,West Germany,final,0.5,0.2,1.2,0.8,0.4,0.6666666666666666,10,0.6,0.2,2.0,1.0,1.0,0.5,10,-0.09999999999999998,-0.6,0.19999999999999996,0,1,win,4,2,2
M-1970-01,1970-05-31,Mexico,Soviet Union,group stage,0.1,0.3,0.7,1.8,-1.1,0.5,10,0.6,0.1,1.9,1.3,0.6,0.25,10,-0.5,-1.7000000000000002,-0.6000000000000001,0,0,draw,0,0,1
M-1970-04,1970-06-02,Bulgaria,Peru,group stage,0.0,0.16666666666666666,0.3333333333333333,2.5,-2.1666666666666665,0.5,6,0.0,0.0,0.5,2.0,-1.5,0.5,2,0.0,-0.6666666666666665,-1.6666666666666667,4,0,lose,2,3,0
M-1970-03,1970-06-02,Romania,England,group stage,0.2,0.2,1.6,2.4,-0.8,0.0,5,0.6,0.2,1.6,0.9,0.7,0.75,10,-0.39999999999999997,-1.5,0.7000000000000001,-5,0,lose,0,1,0
M-1970-02,1970-06-02,Uruguay,Israel,group stage,0.3,0.2,1.3,2.0,-0.7,0.25,10,0.5,0.2,1.5,1.5,0.0,0.5,0,-0.2,-0.7,-0.19999999999999996,10,0,win,2,0,2
M-1970-07,1970-06-03,Czechoslovakia,Brazil,group stage,0.4,0.2,1.6,1.3,0.3,0.6666666666666666,10,0.7,0.1,2.3,1.3,1.0,1.0,10,-0.29999999999999993,-0.7,0.30000000000000004,0,0,lose,1,4,0
M-1970-08,1970-06-03,Morocco,West Germany,group stage,0.5,0.2,1.5,1.5,0.0,0.5,0,0.6,0.2,1.9,0.8,1.1,0.5,10,-0.09999999999999998,-1.1,0.7,-10,0,lose,1,2,0
M-1970-06,1970-06-03,Italy,Sweden,group stage,0.4,0.1,1.3,1.1,0.2,0.5,10,0.5,0.2,2.0,2.0,0.0,0.6666666666666666,10,-0.09999999999999998,0.2,-0.7,0,0,win,1,0,2
M-1970-05,1970-06-03,El Salvador,Belgium,group stage,0.5,0.2,1.5,1.5,0.0,0.5,0,0.0,0.16666666666666666,1.3333333333333333,3.3333333333333335,-2.0,0.0,6,0.5,2.0,-1.8333333333333335,-6,0,lose,0,3,0
M-1970-09,1970-06-06,Soviet Union,Belgium,group stage,0.5,0.2,1.7,1.3,0.4,0.25,10,0.14285714285714285,0.14285714285714285,1.5714285714285714,2.857142857142857,-1.2857142857142858,0.0,7,0.35714285714285715,1.685714285714286,-1.1571428571428573,3,0,win,4,1,2
M-1970-10,1970-06-06,Uruguay,Italy,group stage,0.3,0.2,1.1,1.8,-0.7,0.0,10,0.4,0.1,1.2,1.1,0.1,0.5,10,-0.10000000000000003,-0.7999999999999999,0.0,0,0,draw,0,0,1
M-1970-11,1970-06-06,Romania,Czechoslovakia,group stage,0.16666666666666666,0.16666666666666666,1.3333333333333333,2.1666666666666665,-0.8333333333333334,0.0,6,0.4,0.2,1.7,1.6,0.1,0.6666666666666666,10,-0.23333333333333336,-0.9333333333333333,-0.26666666666666683,-4,0,win,2,1,2
M-1970-12,1970-06-06,Peru,Morocco,group stage,0.3333333333333333,0.0,1.3333333333333333,2.0,-0.6666666666666666,0.5,3,0.0,0.0,1.0,2.0,-1.0,0.5,1,0.3333333333333333,0.33333333333333337,-0.6666666666666667,2,0,win,3,0,2
M-1970-15,1970-06-07,England,Brazil,group stage,0.7,0.2,1.6,0.7,0.9,0.75,10,0.7,0.1,2.2,1.2,1.0,1.0,10,0.0,-0.09999999999999998,0.40000000000000013,0,0,lose,0,1,0
M-1970-16,1970-06-07,Bulgaria,West Germany,group stage,0.0,0.14285714285714285,0.5714285714285714,2.5714285714285716,-2.0,0.5,7,0.7,0.1,2.1,0.9,1.2,0.5,10,-0.7,-3.2,-0.3285714285714286,-3,0,lose,2,5,0
M-1970-14,1970-06-07,Sweden,Israel,group stage,0.5,0.1,1.8,1.9,-0.1,0.6666666666666666,10,0.0,0.0,0.0,2.0,-2.0,0.5,1,0.5,1.9,-0.19999999999999996,9,0,draw,1,1,1
M-1970-13,1970-06-07,El Salvador,Mexico,group stage,0.0,0.0,0.0,3.0,-3.0,0.5,1,0.1,0.4,0.5,1.5,-1.0,0.5,10,-0.1,-2.0,-1.5,-9,0,lose,0,4,0
M-1970-17,1970-06-10,Soviet Union,El Salvador,group stage,0.6,0.1,1.7,1.0,0.7,0.25,10,0.0,0.0,0.0,3.5,-3.5,0.5,2,0.6,4.2,-1.8,8,0,win,2,0,2
M-1970-18,1970-06-10,Sweden,Uruguay,group stage,0.5,0.2,1.8,1.3,0.5,0.6666666666666666,10,0.3,0.3,0.9,1.4,-0.5,0.0,10,0.2,1.0,0.40000000000000013,0,0,win,1,0,2
M-1970-19,1970-06-10,Brazil,Romania,group stage,0.7,0.1,2.1,1.2,0.9,1.0,10,0.2857142857142857,0.14285714285714285,1.4285714285714286,2.0,-0.5714285714285714,0.0,7,0.41428571428571426,1.4714285714285715,0.10000000000000009,3,0,win,3,2,2
M-1970-20,1970-06-10,West Germany,Peru,group stage,0.7,0.1,2.4,1.0,1.4,0.5,10,0.5,0.0,1.75,1.5,0.25,0.5,4,0.19999999999999996,1.15,0.8999999999999999,6,0,win,3,1,2
M-1970-24,1970-06-11,Bulgaria,Morocco,group stage,0.0,0.125,0.75,2.875,-2.125,0.5,8,0.0,0.0,0.5,2.5,-2.0,0.5,2,0.0,-0.125,-1.75,6,0,draw,1,1,1
M-1970-23,1970-06-11,Czechoslovakia,England,group stage,0.4,0.1,1.6,1.6,0.0,0.6666666666666666,10,0.6,0.2,1.3,0.7,0.6,0.75,10,-0.19999999999999996,-0.6,0.9000000000000001,0,0,lose,0,1,0
M-1970-22,1970-06-11,Italy,Israel,group stage,0.4,0.2,1.1,0.9,0.2,0.5,10,0.0,0.5,0.5,1.5,-1.0,0.5,2,0.4,1.2,-0.3999999999999999,8,0,draw,0,0,1
M-1970-21,1970-06-11,Belgium,Mexico,group stage,0.125,0.125,1.5,3.0,-1.5,0.0,8,0.2,0.4,0.9,1.2,-0.3,0.5,10,-0.07500000000000001,-1.2,0.30000000000000004,-2,0,lose,0,1,0
M-1970-28,1970-06-14,West Germany,England,quarter-finals,0.7,0.1,2.5,1.1,1.4,0.5,10,0.7,0.1,1.4,0.7,0.7,0.75,10,0.0,0.7,1.8,0,1,win,3,2,2
M-1970-27,1970-06-14,Uruguay,Soviet Union,quarter-finals,0.3,0.3,0.8,1.2,-0.4,0.0,10,0.6,0.1,1.7,0.9,0.8,0.25,10,-0.3,-1.2000000000000002,-0.09999999999999998,0,1,win,1,0,2
M-1970-26,1970-06-14,Italy,Mexico,quarter-finals,0.3,0.3,0.7,0.8,-0.1,0.5,10,0.3,0.3,0.9,1.1,-0.2,0.5,10,0.0,0.1,-0.40000000000000013,0,1,win,4,1,2
M-1970-25,1970-06-14,Peru,Brazil,quarter-finals,0.4,0.0,1.6,1.8,-0.2,0.5,5,0.8,0.0,2.4,1.4,1.0,1.0,10,-0.4,-1.2,0.20000000000000018,-5,1,lose,2,4,0
M-1970-29,1970-06-17,Brazil,Uruguay,semi-finals,0.8,0.0,2.6,1.5,1.1,1.0,10,0.3,0.3,0.7,1.1,-0.4,0.5,10,0.5,1.5,1.5,0,1,win,3,1,2
M-1970-30,1970-06-17,Italy,West Germany,semi-finals,0.4,0.3,1.0,0.5,0.5,1.0,10,0.8,0.1,2.8,1.2,1.6,0.75,10,-0.4,-1.1,-0.19999999999999996,0,1,win,4,3,2
M-1970-31,1970-06-20,West Germany,Uruguay,third-place match,0.7,0.1,2.6,1.6,1.0,0.6,10,0.3,0.3,0.7,1.1,-0.4,0.3333333333333333,10,0.39999999999999997,1.4,1.5,0,1,win,1,0,2
M-1970-32,1970-06-21,Brazil,Italy,final,0.8,0.0,2.6,1.5,1.1,1.0,10,0.5,0.2,1.4,0.8,0.6,1.0,10,0.30000000000000004,0.5000000000000001,1.8,0,1,win,4,1,2
M-1974-01,1974-06-13,Brazil,Yugoslavia,group stage,0.8,0.0,2.6,1.4,1.2,1.0,10,0.4,0.2,1.7,1.4,0.3,0.25,10,0.4,0.8999999999999999,1.2000000000000002,0,0,draw,0,0,1
M-1974-04,1974-06-14,Scotland,Zaire,group stage,0.0,0.2,0.8,2.8,-2.0,0.5,5,0.5,0.2,1.5,1.5,0.0,0.5,0,-0.5,-2.0,-0.7,5,0,win,2,0,2
M-1974-03,1974-06-14,Australia,East Germany,group stage,0.5,0.2,1.5,1.5,0.0,0.5,0,0.5,0.2,1.5,1.5,0.0,0.5,0,0.0,0.0,0.0,0,0,lose,0,2,0
M-1974-02,1974-06-14,Chile,West Germany,group stage,0.5,0.1,1.7,1.5,0.2,0.6666666666666666,10,0.8,0.0,2.7,1.6,1.1,0.6666666666666666,10,-0.30000000000000004,-0.9000000000000001,0.09999999999999987,0,0,lose,0,1,0
M-1974-05,1974-06-15,Sweden,Bulgaria,group stage,0.6,0.2,1.7,1.0,0.7,0.6666666666666666,10,0.0,0.2222222222222222,0.7777777777777778,2.6666666666666665,-1.8888888888888888,0.5,9,0.6,2.5888888888888886,-0.9666666666666666,1,0,draw,0,0,1
M-1974-06,1974-06-15,Uruguay,Netherlands,group stage,0.3,0.3,0.6,1.0,-0.4,0.25,10,0.0,0.0,1.0,3.0,-2.0,0.0,2,0.3,1.6,-2.4,8,0,lose,0,2,0
M-1974-07,1974-06-15,Italy,Haiti,group stage,0.5,0.2,1.5,1.0,0.5,0.6666666666666666,10,0.5,0.2,1.5,1.5,0.0,0.5,0,0.0,0.5,0.0,10,0,win,3,1,2
M-1974-08,1974-06-15,Poland,Argentina,group stage,0.0,0.0,5.0,6.0,-1.0,0.0,1,0.4,0.2,1.1,1.5,-0.4,0.0,10,-0.4,-0.6,3.5,-9,0,win,3,2,2
M-1974-12,1974-06-18,Zaire,Yugoslavia,group stage,0.0,0.0,0.0,2.0,-2.0,0.5,1,0.4,0.2,1.6,1.3,0.3,0.25,10,-0.4,-2.3,-1.3,-9,0,lose,0,9,0
M-1974-11,1974-06-18,Brazil,Scotland,group stage,0.7,0.1,2.3,1.3,1.0,1.0,10,0.16666666666666666,0.16666666666666666,1.0,2.3333333333333335,-1.3333333333333333,0.5,6,0.5333333333333333,2.333333333333333,-0.03333333333333366,4,0,draw,0,0,1
M-1974-09,1974-06-18,Australia,West Germany,group stage,0.0,0.0,0.0,2.0,-2.0,0.5,1,0.8,0.0,2.6,1.5,1.1,0.6666666666666666,10,-0.8,-3.1,-1.5,-9,0,lose,0,3,0
M-1974-10,1974-06-18,Chile,East Germany,group stage,0.4,0.1,1.2,1.4,-0.2,0.6666666666666666,10,1.0,0.0,2.0,0.0,2.0,0.5,1,-0.6,-2.2,1.2,9,0,draw,1,1,1
M-1974-15,1974-06-19,Italy,Argentina,group stage,0.5,0.2,1.5,1.1,0.4,0.6666666666666666,10,0.4,0.2,1.2,1.5,-0.3,0.0,10,0.09999999999999998,0.7,0.0,0,0,draw,1,1,1
M-1974-16,1974-06-19,Poland,Haiti,group stage,0.5,0.0,4.0,4.0,0.0,0.0,2,0.0,0.0,1.0,3.0,-2.0,0.5,1,0.5,2.0,1.0,1,0,win,7,0,2
M-1974-13,1974-06-19,Bulgaria,Uruguay,group stage,0.0,0.3,0.7,2.4,-1.7,0.5,10,0.3,0.2,0.6,1.2,-0.6,0.25,10,-0.3,-1.1,-0.5,0,0,draw,1,1,1
M-1974-14,1974-06-19,Netherlands,Sweden,group stage,0.3333333333333333,0.0,1.3333333333333333,2.0,-0.6666666666666666,0.0,3,0.5,0.3,1.4,0.9,0.5,0.6666666666666666,10,-0.16666666666666669,-1.1666666666666665,0.43333333333333324,-7,0,draw,0,0,1
M-1974-17,1974-06-22,Australia,Chile,group stage,0.0,0.0,0.0,2.5,-2.5,0.5,2,0.3,0.2,1.0,1.4,-0.4,0.6666666666666666,10,-0.3,-2.1,-1.4,-8,0,draw,0,0,1
M-1974-18,1974-06-22,Scotland,Yugoslavia,group stage,0.14285714285714285,0.2857142857142857,0.8571428571428571,2.0,-1.1428571428571428,0.5,7,0.4,0.2,2.2,1.1,1.1,0.25,10,-0.2571428571428572,-2.242857142857143,-0.242857142857143,-3,0,draw,1,1,1
M-1974-19,1974-06-22,Zaire,Brazil,group stage,0.0,0.0,0.0,5.5,-5.5,0.5,2,0.6,0.2,2.1,1.3,0.8,1.0,10,-0.6,-6.3,-1.3,-8,0,lose,0,3,0
M-1974-20,1974-06-22,East Germany,West Germany,group stage,0.5,0.5,1.5,0.5,1.0,0.5,2,0.8,0.0,2.5,1.5,1.0,0.6,10,-0.30000000000000004,0.0,0.0,-8,0,win,1,0,2
M-1974-24,1974-06-23,Italy,Poland,group stage,0.4,0.3,1.4,1.2,0.2,0.6666666666666666,10,0.6666666666666666,0.0,5.0,2.6666666666666665,2.3333333333333335,0.0,3,-0.2666666666666666,-2.1333333333333333,-1.2666666666666666,7,0,lose,1,2,0
M-1974-23,1974-06-23,Haiti,Argentina,group stage,0.0,0.0,0.5,5.0,-4.5,0.5,2,0.3,0.3,1.0,1.5,-0.5,0.0,10,-0.3,-4.0,-1.0,-8,0,lose,1,4,0
M-1974-22,1974-06-23,Sweden,Uruguay,group stage,0.4,0.4,1.1,0.9,0.2,0.6666666666666666,10,0.2,0.3,0.5,1.2,-0.7,0.25,10,0.2,0.8999999999999999,-0.09999999999999987,0,0,win,3,0,2
M-1974-21,1974-06-23,Netherlands,Bulgaria,group stage,0.25,0.25,1.0,1.5,-0.5,0.0,4,0.0,0.4,0.8,2.4,-1.6,0.5,10,0.25,1.1,-1.4,-6,0,win,4,1,2
M-1974-25,1974-06-26,Yugoslavia,West Germany,second group stage,0.4,0.2,2.0,0.9,1.1,0.25,10,0.7,0.0,2.3,1.5,0.8,0.5,10,-0.29999999999999993,0.30000000000000004,0.5,0,0,lose,0,2,0
M-1974-26,1974-06-26,Brazil,East Germany,second group stage,0.7,0.2,2.3,1.0,1.3,1.0,10,0.6666666666666666,0.3333333333333333,1.3333333333333333,0.3333333333333333,1.0,0.5,3,0.033333333333333326,0.30000000000000004,1.9666666666666666,7,0,win,1,0,2
M-1974-27,1974-06-26,Netherlands,Argentina,second group stage,0.4,0.2,1.6,1.4,0.2,0.0,5,0.4,0.3,1.3,1.0,0.3,0.0,10,0.0,-0.09999999999999998,0.6000000000000001,-5,0,win,4,0,2
M-1974-28,1974-06-26,Sweden,Poland,second group stage,0.4,0.4,1.2,0.8,0.4,0.6666666666666666,10,0.75,0.0,4.25,2.25,2.0,0.0,4,-0.35,-1.6,-1.05,6,0,lose,0,1,0
M-1974-32,1974-06-30,Sweden,West Germany,second group stage,0.4,0.3,1.2,0.9,0.3,0.6666666666666666,10,0.8,0.0,2.3,1.1,1.2,0.6666666666666666,10,-0.4,-0.8999999999999999,0.09999999999999987,0,0,lose,2,4,0
M-1974-31,1974-06-30,Yugoslavia,Poland,second group stage,0.4,0.2,2.0,1.0,1.0,0.3333333333333333,10,0.8,0.0,3.6,1.8,1.8,0.0,5,-0.4,-0.8,0.19999999999999996,5,0,lose,1,2,0
M-1974-30,1974-06-30,East Germany,Netherlands,second group stage,0.5,0.25,1.0,0.5,0.5,0.5,4,0.5,0.16666666666666666,2.0,1.1666666666666667,0.8333333333333334,0.0,6,0.0,-0.33333333333333337,-0.16666666666666674,-2,0,lose,0,2,0
M-1974-29,1974-06-30,Brazil,Argentina,second group stage,0.8,0.2,2.3,0.7,1.6,1.0,10,0.3,0.3,1.2,1.4,-0.2,0.0,10,0.5,1.8,0.8999999999999999,0,0,win,2,1,2
M-1974-36,1974-07-03,Yugoslavia,Sweden,second group stage,0.4,0.2,2.1,1.0,1.1,0.3333333333333333,10,0.3,0.3,1.2,1.3,-0.1,0.5,10,0.10000000000000003,1.2000000000000002,0.8,0,0,lose,1,2,0
M-1974-35,1974-07-03,Netherlands,Brazil,second group stage,0.5714285714285714,0.14285714285714285,2.0,1.0,1.0,0.0,7,0.8,0.2,2.1,0.7,1.4,1.0,10,-0.22857142857142865,-0.3999999999999999,1.3,-3,0,win,2,0,2
M-1974-34,1974-07-03,Argentina,East Germany,second group stage,0.3,0.3,1.2,1.3,-0.1,0.0,10,0.4,0.2,0.8,0.8,0.0,0.5,5,-0.10000000000000003,-0.1,0.3999999999999999,5,0,draw,1,1,1
M-1974-33,1974-07-03,West Germany,Poland,second group stage,0.8,0.0,2.5,1.2,1.3,0.6666666666666666,10,0.8333333333333334,0.0,3.3333333333333335,1.6666666666666667,1.6666666666666667,0.0,6,-0.033333333333333326,-0.3666666666666667,0.8333333333333333,4,0,win,1,0,2
M-1974-37,1974-07-06,Brazil,Poland,third-place match,0.7,0.2,2.0,0.9,1.1,1.0,10,0.7142857142857143,0.0,2.857142857142857,1.5714285714285714,1.2857142857142858,0.0,7,-0.014285714285714346,-0.18571428571428572,0.4285714285714286,3,1,lose,0,1,0
M-1974-38,1974-07-07,Netherlands,West Germany,final,0.625,0.125,2.0,0.875,1.125,0.0,8,0.8,0.0,2.1,1.0,1.1,0.6666666666666666,10,-0.17500000000000004,0.02499999999999991,1.0,-2,1,lose,1,2,0
M-1978-01,1978-06-01,West Germany,Poland,group stage,0.8,0.0,2.0,1.0,1.0,0.75,10,0.75,0.0,2.625,1.375,1.25,0.5,8,0.050000000000000044,-0.25,0.625,2,0,draw,0,0,1
M-1978-04,1978-06-02,Hungary,Argentina,group stage,0.5,0.1,2.1,1.2,0.9,0.0,10,0.3,0.3,1.3,1.4,-0.1,0.0,10,0.2,1.0,0.7000000000000002,0,0,lose,1,2,0
M-1978-03,1978-06-02,Mexico,Tunisia,group stage,0.3,0.3,1.0,1.1,-0.1,0.0,10,0.5,0.2,1.5,1.5,0.0,0.5,0,-0.2,-0.1,-0.5,10,0,lose,1,3,0
M-1978-02,1978-06-02,France,Italy,group stage,0.5,0.1,2.8,2.2,0.6,0.6666666666666666,10,0.4,0.3,1.5,1.3,0.2,0.6666666666666666,10,0.09999999999999998,0.39999999999999997,1.4999999999999998,0,0,lose,1,2,0
M-1978-05,1978-06-03,Austria,Spain,group stage,0.4,0.1,2.1,2.3,-0.2,0.4,10,0.3,0.1,1.1,1.9,-0.8,0.5,10,0.10000000000000003,0.6000000000000001,0.20000000000000018,0,0,win,2,1,2
M-1978-06,1978-06-03,Brazil,Sweden,group stage,0.6,0.2,1.7,0.8,0.9,0.75,10,0.3,0.3,1.1,1.3,-0.2,0.0,10,0.3,1.1,0.3999999999999999,0,0,draw,1,1,1
M-1978-07,1978-06-03,Netherlands,Iran,group stage,0.5555555555555556,0.1111111111111111,1.8888888888888888,1.0,0.8888888888888888,0.0,9,0.5,0.2,1.5,1.5,0.0,0.5,0,0.05555555555555558,0.8888888888888888,0.38888888888888884,9,0,win,3,0,2
M-1978-08,1978-06-03,Peru,Scotland,group stage,0.3333333333333333,0.0,1.6666666666666667,2.1666666666666665,-0.5,0.0,6,0.125,0.375,0.875,1.875,-1.0,0.5,8,0.20833333333333331,0.5,-0.20833333333333326,-2,0,win,3,1,2
M-1978-12,1978-06-06,France,Argentina,group stage,0.4,0.1,2.6,2.2,0.4,0.6666666666666666,10,0.3,0.3,1.3,1.4,-0.1,0.0,10,0.10000000000000003,0.5,1.2000000000000002,0,0,lose,1,2,0
M-1978-11,1978-06-06,Mexico,West Germany,group stage,0.3,0.3,1.1,1.2,-0.1,0.0,10,0.7,0.1,1.7,0.8,0.9,0.6666666666666666,10,-0.39999999999999997,-1.0,0.30000000000000004,0,0,lose,0,6,0
M-1978-09,1978-06-06,Hungary,Italy,group stage,0.4,0.1,1.8,1.4,0.4,0.0,10,0.5,0.3,1.7,1.3,0.4,0.6666666666666666,10,-0.09999999999999998,0.0,0.5,0,0,lose,1,3,0
M-1978-10,1978-06-06,Poland,Tunisia,group stage,0.6666666666666666,0.1111111111111111,2.3333333333333335,1.2222222222222223,1.1111111111111112,0.5,9,1.0,0.0,3.0,1.0,2.0,0.5,1,-0.33333333333333337,-0.8888888888888888,1.3333333333333335,8,0,win,1,0,2
M-1978-15,1978-06-07,Peru,Netherlands,group stage,0.42857142857142855,0.0,1.8571428571428572,2.0,-0.14285714285714285,0.0,7,0.6,0.1,2.0,0.9,1.1,0.0,10,-0.17142857142857143,-1.2428571428571429,0.9571428571428572,-3,0,draw,0,0,1
M-1978-16,1978-06-07,Iran,Scotland,group stage,0.0,0.0,0.0,3.0,-3.0,0.5,1,0.1111111111111111,0.3333333333333333,0.8888888888888888,2.0,-1.1111111111111112,0.5,9,-0.1111111111111111,-1.8888888888888888,-2.0,-8,0,draw,1,1,1
M-1978-13,1978-06-07,Austria,Sweden,group stage,0.5,0.1,2.3,2.3,0.0,0.5,10,0.3,0.4,1.0,0.9,0.1,0.5,10,0.2,-0.1,1.4,0,0,win,1,0,2
M-1978-14,1978-06-07,Brazil,Spain,group stage,0.5,0.3,1.4,0.7,0.7,0.6666666666666666,10,0.2,0.1,1.1,2.1,-1.0,0.5,10,0.3,1.7,-0.7000000000000002,0,0,draw,0,0,1
M-1978-17,1978-06-10,France,Hungary,group stage,0.3,0.1,2.0,2.1,-0.1,0.6666666666666666,10,0.4,0.1,1.8,1.5,0.3,0.0,10,-0.10000000000000003,-0.4,0.5,0,0,win,3,1,2
M-1978-18,1978-06-10,Poland,Mexico,group stage,0.7,0.1,2.2,1.1,1.1,0.5,10,0.3,0.3,1.1,1.7,-0.6,0.0,10,0.39999999999999997,1.7000000000000002,0.5000000000000002,0,0,win,3,1,2
M-1978-19,1978-06-10,West Germany,Tunisia,group stage,0.8,0.1,2.0,0.4,1.6,1.0,10,0.5,0.0,1.5,1.0,0.5,0.5,2,0.30000000000000004,1.1,1.0,8,0,draw,0,0,1
M-1978-20,1978-06-10,Argentina,Italy,group stage,0.4,0.2,1.5,1.5,0.0,0.0,10,0.5,0.3,1.9,1.4,0.5,0.6666666666666666,10,-0.09999999999999998,-0.5,0.10000000000000009,0,0,lose,0,1,0
M-1978-23,1978-06-11,Iran,Peru,group stage,0.0,0.5,0.5,2.0,-1.5,0.5,2,0.375,0.125,1.625,1.75,-0.125,0.0,8,-0.375,-1.375,-1.25,-6,0,lose,1,4,0
M-1978-24,1978-06-11,Scotland,Netherlands,group stage,0.1,0.4,0.9,1.9,-1.0,0.5,10,0.6,0.2,1.8,0.6,1.2,0.0,10,-0.5,-2.2,0.30000000000000004,0,0,win,3,2,2
M-1978-22,1978-06-11,Spain,Sweden,group stage,0.2,0.1,0.9,1.9,-1.0,0.5,10,0.3,0.4,1.0,0.9,0.1,0.5,10,-0.09999999999999998,-1.1,0.0,0,0,win,1,0,2
M-1978-21,1978-06-11,Austria,Brazil,group stage,0.6,0.1,2.2,2.0,0.2,0.6666666666666666,10,0.4,0.4,1.1,0.6,0.5,0.5,10,0.19999999999999996,-0.3,1.6,0,0,lose,0,1,0
M-1978-28,1978-06-14,Argentina,Poland,second group stage,0.3,0.2,1.3,1.6,-0.3,0.0,10,0.8,0.1,2.0,0.6,1.4,1.0,10,-0.5,-1.7,0.7000000000000001,0,0,win,2,0,2
M-1978-27,1978-06-14,Peru,Brazil,second group stage,0.4444444444444444,0.1111111111111111,1.8888888888888888,1.6666666666666667,0.2222222222222222,0.0,9,0.4,0.4,0.8,0.5,0.3,0.0,10,0.0444444444444444,-0.07777777777777778,1.3888888888888888,-1,0,lose,0,3,0
M-1978-26,1978-06-14,Italy,West Germany,second group stage,0.6,0.2,2.0,1.4,0.6,0.6666666666666666,10,0.7,0.2,1.9,0.4,1.5,1.0,10,-0.09999999999999998,-0.9,1.6,0,0,draw,0,0,1
M-1978-25,1978-06-14,Netherlands,Austria,second group stage,0.6,0.2,2.0,0.6,1.4,0.0,10,0.5,0.1,2.1,2.1,0.0,0.6666666666666666,10,0.09999999999999998,1.4,-0.10000000000000009,0,0,win,5,1,2
M-1978-29,1978-06-18,Peru,Poland,second group stage,0.4,0.1,1.7,1.8,-0.1,0.0,10,0.7,0.1,1.7,0.6,1.1,1.0,10,-0.29999999999999993,-1.2000000000000002,1.1,0,0,lose,0,1,0
M-1978-30,1978-06-18,Italy,Austria,second group stage,0.6,0.2,2.0,1.4,0.6,0.6666666666666666,10,0.4,0.1,1.7,2.6,-0.9,0.6666666666666666,10,0.19999999999999996,1.5,-0.6000000000000001,0,0,win,1,0,2
M-1978-31,1978-06-18,Netherlands,West Germany,second group stage,0.6,0.2,2.3,0.7,1.6,0.0,10,0.6,0.3,1.8,0.4,1.4,1.0,10,0.0,0.20000000000000018,1.9,0,0,draw,2,2,1
M-1978-32,1978-06-18,Argentina,Brazil,second group stage,0.4,0.2,1.5,1.5,0.0,0.5,10,0.5,0.3,1.1,0.5,0.6,0.0,10,-0.09999999999999998,-0.6,1.0,0,0,draw,0,0,1
M-1978-35,1978-06-21,Poland,Brazil,second group stage,0.7,0.1,1.1,0.6,0.5,1.0,10,0.5,0.3,1.1,0.5,0.6,0.0,10,0.19999999999999996,-0.09999999999999998,0.6000000000000001,0,0,lose,1,3,0
M-1978-36,1978-06-21,Peru,Argentina,second group stage,0.4,0.1,1.6,1.6,0.0,0.0,10,0.4,0.3,1.3,1.2,0.1,0.5,10,0.0,-0.1,0.40000000000000013,0,0,lose,0,6,0
M-1978-33,1978-06-21,Austria,West Germany,second group stage,0.3,0.1,1.0,2.2,-1.2,0.5,10,0.5,0.4,1.7,0.6,1.1,1.0,10,-0.2,-2.3,0.4,0,0,win,3,2,2
M-1978-34,1978-06-21,Italy,Netherlands,second group stage,0.6,0.2,1.7,1.3,0.4,0.5,10,0.6,0.2,2.5,0.9,1.6,0.0,10,0.0,-1.2000000000000002,0.7999999999999999,0,0,lose,1,2,0
M-1978-37,1978-06-24,Brazil,Italy,third-place match,0.5,0.3,1.1,0.6,0.5,0.0,10,0.5,0.2,1.4,1.2,0.2,0.0,10,0.0,0.3,-0.09999999999999987,0,1,win,2,1,2
M-1978-38,1978-06-25,Argentina,Netherlands,final,0.5,0.2,1.8,1.1,0.7,0.5,10,0.6,0.2,2.3,0.9,1.4,0.0,10,-0.09999999999999998,-0.7,0.9,0,1,win,3,1,2
M-1982-01,1982-06-13,Argentina,Belgium,group stage,0.5,0.2,1.7,1.1,0.6,1.0,10,0.1111111111111111,0.1111111111111111,1.3333333333333333,2.7777777777777777,-1.4444444444444444,0.0,9,0.3888888888888889,2.0444444444444443,-1.0777777777777777,1,0,lose,0,1,0
M-1982-02,1982-06-14,Italy,Poland,group stage,0.5,0.2,1.4,1.0,0.4,0.0,10,0.6,0.1,1.0,0.8,0.2,1.0,10,-0.09999999999999998,0.2,0.5999999999999999,0,0,draw,0,0,1
M-1982-03,1982-06-14,Brazil,Soviet Union,group stage,0.5,0.3,1.2,0.7,0.5,0.5,10,0.6,0.1,1.6,0.8,0.8,0.25,10,-0.09999999999999998,-0.30000000000000004,0.3999999999999999,0,0,win,2,1,2
M-1982-06,1982-06-15,Scotland,New Zealand,group stage,0.2,0.4,1.2,2.0,-0.8,0.5,10,0.5,0.2,1.5,1.5,0.0,0.5,0,-0.3,-0.8,-0.30000000000000004,10,0,win,5,2,2
M-1982-05,1982-06-15,El Salvador,Hungary,group stage,0.0,0.0,0.0,3.0,-3.0,0.5,3,0.3,0.1,1.7,1.7,0.0,0.0,10,-0.3,-3.0,-1.7,-7,0,lose,1,10,0
M-1982-04,1982-06-15,Peru,Cameroon,group stage,0.4,0.1,1.6,2.1,-0.5,0.0,10,0.5,0.2,1.5,1.5,0.0,0.5,0,-0.09999999999999998,-0.5,0.10000000000000009,10,0,draw,0,0,1
M-1982-07,1982-06-16,West Germany,Algeria,group stage,0.5,0.4,1.9,0.8,1.1,1.0,10,0.5,0.2,1.5,1.5,0.0,0.5,0,0.0,1.1,0.3999999999999999,10,0,lose,1,2,0
M-1982-08,1982-06-16,England,France,group stage,0.7,0.1,1.5,0.7,0.8,0.75,10,0.4,0.1,2.1,1.9,0.2,0.6666666666666666,10,0.29999999999999993,0.6000000000000001,-0.3999999999999999,0,0,win,3,1,2
M-1982-09,1982-06-16,Spain,Honduras,group stage,0.3,0.1,0.9,1.3,-0.4,0.5,10,0.5,0.2,1.5,1.5,0.0,0.5,0,-0.2,-0.4,-0.6,10,0,draw,1,1,1
M-1982-12,1982-06-17,Northern Ireland,Yugoslavia,group stage,0.4,0.2,1.2,2.0,-0.8,0.0,5,0.3,0.2,1.9,1.1,0.8,0.3333333333333333,10,0.10000000000000003,-1.6,0.09999999999999987,-5,0,draw,0,0,1
M-1982-11,1982-06-17,Kuwait,Czechoslovakia,group stage,0.5,0.2,1.5,1.5,0.0,0.5,0,0.3,0.1,1.0,1.6,-0.6,0.6666666666666666,10,0.2,0.6,-0.10000000000000009,-10,0,draw,1,1,1
M-1982-10,1982-06-17,Austria,Chile,group stage,0.4,0.1,1.2,1.8,-0.6,1.0,10,0.2,0.3,0.8,1.4,-0.6,0.6666666666666666,10,0.2,0.0,-0.19999999999999996,0,0,win,1,0,2
M-1982-13,1982-06-18,Italy,Peru,group stage,0.4,0.3,1.1,0.9,0.2,0.0,10,0.3,0.2,1.3,1.9,-0.6,0.0,10,0.10000000000000003,0.8,-0.7999999999999998,0,0,draw,1,1,1
M-1982-14,1982-06-18,Argentina,Hungary,group stage,0.5,0.2,1.7,0.8,0.9,1.0,10,0.3,0.1,2.1,1.7,0.4,0.0,10,0.2,0.5,0.0,0,0,win,4,1,2
M-1982-15,1982-06-18,Brazil,Scotland,group stage,0.5,0.3,1.2,0.7,0.5,0.5,10,0.3,0.4,1.7,1.5,0.2,0.5,10,0.2,0.3,-0.30000000000000004,0,0,win,4,1,2
M-1982-18,1982-06-19,Soviet Union,New Zealand,group stage,0.5,0.1,1.4,1.0,0.4,0.25,10,0.0,0.0,2.0,5.0,-3.0,0.5,1,0.5,3.4,-3.6,9,0,win,3,0,2
M-1982-17,1982-06-19,El Salvador,Belgium,group stage,0.0,0.0,0.25,4.75,-4.5,0.5,4,0.2,0.1,1.3,2.5,-1.2,0.0,10,-0.2,-3.3,-2.25,-6,0,lose,0,1,0
M-1982-16,1982-06-19,Cameroon,Poland,group stage,0.0,1.0,0.0,0.0,0.0,0.5,1,0.5,0.2,0.9,0.8,0.1,1.0,10,-0.5,-0.1,-0.8,-9,0,draw,0,0,1
M-1982-19,1982-06-20,West Germany,Chile,group stage,0.4,0.4,1.8,1.0,0.8,1.0,10,0.2,0.3,0.8,1.3,-0.5,0.6666666666666666,10,0.2,1.3,0.5,0,0,win,4,1,2
M-1982-20,1982-06-20,England,Czechoslovakia,group stage,0.8,0.0,1.8,0.8,1.0,0.75,10,0.3,0.2,1.0,1.5,-0.5,0.6666666666666666,10,0.5,1.5,0.30000000000000004,0,0,win,2,0,2
M-1982-21,1982-06-20,Spain,Yugoslavia,group stage,0.3,0.2,0.9,1.1,-0.2,0.5,10,0.2,0.3,1.4,1.1,0.3,0.3333333333333333,10,0.09999999999999998,-0.5,-0.20000000000000007,0,0,win,2,1,2
M-1982-22,1982-06-21,Algeria,Austria,group stage,1.0,0.0,2.0,1.0,1.0,0.5,1,0.4,0.1,1.0,1.7,-0.7,0.5,10,0.6,1.7,0.30000000000000004,-9,0,lose,0,2,0
M-1982-23,1982-06-21,France,Kuwait,group stage,0.3,0.1,2.0,2.1,-0.1,0.6666666666666666,10,0.0,1.0,1.0,1.0,0.0,0.5,1,0.3,-0.1,1.0,9,0,win,4,1,2
M-1982-24,1982-06-21,Honduras,Northern Ireland,group stage,0.0,1.0,1.0,1.0,0.0,0.5,1,0.3333333333333333,0.3333333333333333,1.0,1.6666666666666667,-0.6666666666666666,0.0,6,-0.3333333333333333,0.6666666666666666,-0.6666666666666667,-5,0,draw,1,1,1
M-1982-27,1982-06-22,Soviet Union,Scotland,group stage,0.5,0.1,1.6,1.0,0.6,0.25,10,0.3,0.3,1.7,1.8,-0.1,0.5,10,0.2,0.7,-0.19999999999999996,0,0,draw,2,2,1
M-1982-26,1982-06-22,Hungary,Belgium,group stage,0.3,0.0,2.2,2.1,0.1,0.0,10,0.3,0.1,1.4,2.2,-0.8,0.0,10,0.0,0.9,0.0,0,0,draw,1,1,1
M-1982-25,1982-06-22,Poland,Peru,group stage,0.4,0.3,0.7,0.7,0.0,1.0,10,0.2,0.3,1.1,2.0,-0.9,0.0,10,0.2,0.9,-1.3,0,0,win,5,1,2
M-1982-28,1982-06-23,Italy,Cameroon,group stage,0.4,0.3,1.1,0.9,0.2,0.0,10,0.0,1.0,0.0,0.0,0.0,0.5,2,0.4,0.2,1.1,8,0,draw,1,1,1
M-1982-29,1982-06-23,Argentina,El Salvador,group stage,0.6,0.2,2.0,0.7,1.3,1.0,10,0.0,0.0,0.2,4.0,-3.8,0.5,5,0.6,5.1,-2.0,5,0,win,2,0,2
M-1982-30,1982-06-23,Brazil,New Zealand,group stage,0.6,0.3,1.6,0.6,1.0,0.5,10,0.0,0.0,1.0,4.0,-3.0,0.5,2,0.6,4.0,-2.4,8,0,win,4,0,2
M-1982-31,1982-06-24,Chile,Algeria,group stage,0.1,0.3,0.7,1.6,-0.9,0.5,10,0.5,0.0,1.0,1.5,-0.5,0.5,2,-0.4,-0.4,-0.8,8,0,lose,2,3,0
M-1982-32,1982-06-24,France,Czechoslovakia,group stage,0.3,0.1,2.0,2.2,-0.2,0.5,10,0.2,0.2,0.9,1.7,-0.8,0.6666666666666666,10,0.09999999999999998,0.6000000000000001,0.30000000000000004,0,0,draw,1,1,1
M-1982-33,1982-06-24,Honduras,Yugoslavia,group stage,0.0,1.0,1.0,1.0,0.0,0.5,2,0.1,0.3,1.4,1.3,0.1,0.0,10,-0.1,-0.1,-0.30000000000000004,-8,0,lose,0,1,0
M-1982-35,1982-06-25,Kuwait,England,group stage,0.0,0.5,1.0,2.5,-1.5,0.5,2,0.8,0.0,1.8,0.8,1.0,0.75,10,-0.8,-2.5,0.19999999999999996,-8,0,lose,0,1,0
M-1982-36,1982-06-25,Spain,Northern Ireland,group stage,0.4,0.2,1.1,1.1,0.0,0.5,10,0.2857142857142857,0.42857142857142855,1.0,1.5714285714285714,-0.5714285714285714,0.0,7,0.11428571428571432,0.5714285714285714,-0.4714285714285713,3,0,lose,0,1,0
M-1982-34,1982-06-25,West Germany,Austria,group stage,0.4,0.4,1.8,0.9,0.9,1.0,10,0.5,0.1,1.2,1.4,-0.2,0.5,10,-0.09999999999999998,1.1,0.40000000000000013,0,0,win,1,0,2
M-1982-37,1982-06-28,Austria,France,second group stage,0.5,0.1,1.2,1.3,-0.1,0.5,10,0.3,0.2,1.9,1.8,0.1,1.0,10,0.2,-0.2,-0.6000000000000001,0,0,lose,0,1,0
M-1982-38,1982-06-28,Poland,Belgium,second group stage,0.5,0.3,1.2,0.7,0.5,1.0,10,0.3,0.2,1.5,2.2,-0.7,0.0,10,0.2,1.2,-1.0000000000000002,0,0,win,3,0,2
M-1982-39,1982-06-29,Italy,Argentina,second group stage,0.4,0.4,1.1,0.8,0.3,0.0,10,0.7,0.1,2.1,0.6,1.5,1.0,10,-0.29999999999999993,-1.2,0.5000000000000001,0,0,win,2,1,2
M-1982-40,1982-06-29,West Germany,England,second group stage,0.4,0.4,1.8,0.9,0.9,1.0,10,0.8,0.0,1.7,0.8,0.9,0.75,10,-0.4,0.0,1.0,0,0,draw,0,0,1
M-1982-42,1982-07-01,Soviet Union,Belgium,second group stage,0.4,0.2,1.6,1.1,0.5,0.25,10,0.3,0.2,1.3,2.0,-0.7,0.0,10,0.10000000000000003,1.2,-0.3999999999999999,0,0,win,1,0,2
M-1982-41,1982-07-01,Austria,Northern Ireland,second group stage,0.5,0.0,1.0,1.2,-0.2,0.5,10,0.375,0.375,1.0,1.375,-0.375,0.0,8,0.125,0.175,-0.375,2,0,draw,2,2,1
M-1982-44,1982-07-02,West Germany,Spain,second group stage,0.3,0.5,1.6,0.8,0.8,0.5,10,0.3,0.2,1.0,1.2,-0.2,0.5,10,0.0,1.0,0.40000000000000013,0,0,win,2,1,2
M-1982-43,1982-07-02,Argentina,Brazil,second group stage,0.6,0.1,2.0,0.7,1.3,1.0,10,0.7,0.3,2.0,0.5,1.5,1.0,10,-0.09999999999999998,-0.19999999999999996,1.5,0,0,lose,1,3,0
M-1982-45,1982-07-04,France,Northern Ireland,second group stage,0.3,0.2,1.4,1.5,-0.1,0.5,10,0.3333333333333333,0.4444444444444444,1.1111111111111112,1.4444444444444444,-0.3333333333333333,0.0,9,-0.033333333333333326,0.2333333333333333,-0.04444444444444451,1,0,win,4,1,2
M-1982-46,1982-07-04,Soviet Union,Poland,second group stage,0.4,0.2,1.5,1.0,0.5,0.0,10,0.5,0.3,1.4,0.7,0.7,0.5,10,-0.09999999999999998,-0.19999999999999996,0.8,0,0,draw,0,0,1
M-1982-47,1982-07-05,Italy,Brazil,second group stage,0.4,0.4,1.1,0.8,0.3,0.0,10,0.8,0.2,2.2,0.5,1.7,1.0,10,-0.4,-1.4,0.6000000000000001,0,0,win,3,2,2
M-1982-48,1982-07-05,Spain,England,second group stage,0.3,0.2,1.0,1.2,-0.2,0.5,10,0.7,0.1,1.6,0.8,0.8,0.6666666666666666,10,-0.39999999999999997,-1.0,0.19999999999999996,0,0,draw,0,0,1
M-1982-49,1982-07-08,Poland,Italy,semi-finals,0.5,0.3,1.4,0.7,0.7,0.5,10,0.4,0.4,1.1,0.9,0.2,0.0,10,0.09999999999999998,0.49999999999999994,0.4999999999999999,0,1,lose,0,2,0
M-1982-50,1982-07-08,West Germany,France,semi-finals,0.4,0.4,1.8,0.9,0.9,0.5,10,0.4,0.1,1.7,1.5,0.2,0.5,10,0.0,0.7,0.30000000000000004,0,1,win,3,3,2
M-1982-51,1982-07-10,Poland,France,third-place match,0.4,0.3,1.3,0.9,0.4,0.0,10,0.4,0.1,1.9,1.6,0.3,0.0,10,0.0,0.10000000000000003,-0.30000000000000004,0,1,win,3,2,2
M-1982-52,1982-07-11,Italy,West Germany,final,0.4,0.4,1.2,0.9,0.3,0.5,10,0.4,0.4,1.5,1.2,0.3,1.0,10,0.0,0.0,0.0,0,1,win,3,1,2
M-1986-01,1986-05-31,Italy,Bulgaria,group stage,0.5,0.3,1.5,1.0,0.5,0.6666666666666666,10,0.0,0.4,0.8,2.2,-1.4,0.5,10,0.5,1.9,-0.7000000000000002,0,0,draw,1,1,1
M-1986-02,1986-06-01,Spain,Brazil,group stage,0.3,0.3,0.9,1.0,-0.1,0.5,10,0.8,0.1,2.4,0.8,1.6,1.0,10,-0.5,-1.7000000000000002,0.09999999999999998,0,0,lose,0,1,0
M-1986-03,1986-06-01,Canada,France,group stage,0.5,0.2,1.5,1.5,0.0,0.5,0,0.4,0.1,2.1,1.7,0.4,0.0,10,0.09999999999999998,-0.4,-0.19999999999999996,-10,0,lose,0,1,0
M-1986-06,1986-06-02,Poland,Morocco,group stage,0.4,0.3,1.3,1.0,0.3,0.5,10,0.0,0.3333333333333333,0.6666666666666666,2.0,-1.3333333333333333,0.5,3,0.4,1.6333333333333333,-0.7,7,0,draw,0,0,1
M-1986-05,1986-06-02,Hungary,Soviet Union,group stage,0.3,0.1,2.3,2.1,0.2,0.0,10,0.4,0.3,1.4,0.8,0.6,0.0,10,-0.10000000000000003,-0.39999999999999997,1.4999999999999998,0,0,lose,0,6,0
M-1986-04,1986-06-02,South Korea,Argentina,group stage,0.0,0.0,0.0,8.0,-8.0,0.5,2,0.5,0.1,1.9,0.9,1.0,1.0,10,-0.5,-9.0,-0.9,-8,0,lose,1,3,0
M-1986-07,1986-06-03,Belgium,Mexico,group stage,0.3,0.2,1.2,1.8,-0.6,0.5,10,0.2,0.3,0.9,1.9,-1.0,0.0,10,0.09999999999999998,0.4,-0.7,0,0,lose,1,2,0
M-1986-08,1986-06-03,Algeria,Northern Ireland,group stage,0.6666666666666666,0.0,1.6666666666666667,1.6666666666666667,0.0,0.5,3,0.3,0.4,1.1,1.7,-0.6,0.0,10,0.36666666666666664,0.6,-0.033333333333333215,-7,0,draw,1,1,1
M-1986-09,1986-06-03,Portugal,England,group stage,0.8333333333333334,0.0,2.8333333333333335,1.3333333333333333,1.5,0.6666666666666666,6,0.6,0.2,1.4,0.7,0.7,0.5,10,0.2333333333333334,0.8,2.1333333333333337,-4,0,win,1,0,2
M-1986-12,1986-06-04,Denmark,Scotland,group stage,0.5,0.2,1.5,1.5,0.0,0.5,0,0.3,0.4,1.7,1.7,0.0,0.5,10,0.2,0.0,-0.19999999999999996,-10,0,win,1,0,2
M-1986-11,1986-06-04,West Germany,Uruguay,group stage,0.4,0.3,1.6,1.5,0.1,0.5,10,0.2,0.2,0.5,1.5,-1.0,0.25,10,0.2,1.1,0.10000000000000009,0,0,draw,1,1,1
M-1986-10,1986-06-04,Paraguay,Iraq,group stage,0.2857142857142857,0.2857142857142857,1.7142857142857142,2.7142857142857144,-1.0,0.5,7,0.5,0.2,1.5,1.5,0.0,0.5,0,-0.2142857142857143,-1.0,0.2142857142857142,7,0,win,1,0,2
M-1986-13,1986-06-05,Italy,Argentina,group stage,0.4,0.4,1.5,1.1,0.4,0.6666666666666666,10,0.6,0.1,2.2,0.9,1.3,1.0,10,-0.19999999999999996,-0.9,0.6,0,0,draw,1,1,1
M-1986-14,1986-06-05,France,Soviet Union,group stage,0.5,0.1,2.1,1.5,0.6,0.0,10,0.5,0.3,1.9,0.6,1.3,0.0,10,0.0,-0.7000000000000001,1.5,0,0,draw,1,1,1
M-1986-15,1986-06-05,South Korea,Bulgaria,group stage,0.0,0.0,0.3333333333333333,6.333333333333333,-6.0,0.5,3,0.0,0.4,0.9,2.3,-1.4,0.5,10,0.0,-4.6,-1.9666666666666666,-7,0,draw,1,1,1
M-1986-16,1986-06-06,Hungary,Canada,group stage,0.3,0.1,2.2,2.4,-0.2,0.0,10,0.0,0.0,0.0,1.0,-1.0,0.5,1,0.3,0.8,1.2000000000000002,9,0,win,2,0,2
M-1986-17,1986-06-06,Brazil,Algeria,group stage,0.8,0.1,2.4,0.8,1.6,1.0,10,0.5,0.25,1.5,1.5,0.0,0.5,4,0.30000000000000004,1.6,0.8999999999999999,6,0,win,1,0,2
M-1986-18,1986-06-06,England,Morocco,group stage,0.5,0.2,1.0,0.6,0.4,0.0,10,0.0,0.5,0.5,1.5,-1.0,0.5,4,0.5,1.4,-0.5,6,0,draw,0,0,1
M-1986-21,1986-06-07,Portugal,Poland,group stage,0.8571428571428571,0.0,2.5714285714285716,1.1428571428571428,1.4285714285714286,0.6666666666666666,7,0.4,0.4,1.3,0.8,0.5,0.5,10,0.4571428571428571,0.9285714285714286,1.7714285714285716,-3,0,lose,0,1,0
M-1986-20,1986-06-07,Spain,Northern Ireland,group stage,0.2,0.3,0.7,1.0,-0.3,0.5,10,0.2,0.5,1.1,1.8,-0.7,0.0,10,0.0,0.39999999999999997,-1.1,0,0,win,2,1,2
M-1986-19,1986-06-07,Paraguay,Mexico,group stage,0.375,0.25,1.625,2.375,-0.75,0.5,8,0.3,0.2,1.0,1.9,-0.9,0.0,10,0.07500000000000001,0.15000000000000002,-0.2749999999999999,-2,0,draw,1,1,1
M-1986-22,1986-06-08,Iraq,Belgium,group stage,0.0,0.0,0.0,1.0,-1.0,0.5,1,0.3,0.1,0.9,1.6,-0.7,0.5,10,-0.3,-0.30000000000000004,-1.6,-9,0,lose,1,2,0
M-1986-23,1986-06-08,West Germany,Scotland,group stage,0.4,0.3,1.7,1.6,0.1,0.5,10,0.3,0.4,1.6,1.6,0.0,0.5,10,0.10000000000000003,0.1,0.09999999999999987,0,0,win,2,1,2
M-1986-24,1986-06-08,Denmark,Uruguay,group stage,1.0,0.0,1.0,0.0,1.0,0.5,1,0.2,0.3,0.6,1.2,-0.6,0.3333333333333333,10,0.8,1.6,-0.19999999999999996,-9,0,win,6,1,2
M-1986-26,1986-06-09,Canada,Soviet Union,group stage,0.0,0.0,0.0,1.5,-1.5,0.5,2,0.5,0.3,2.0,0.7,1.3,0.0,10,-0.5,-2.8,-0.7,-8,0,lose,0,2,0
M-1986-25,1986-06-09,Hungary,France,group stage,0.3,0.1,2.1,2.3,-0.2,0.0,10,0.5,0.2,2.1,1.4,0.7,0.0,10,-0.2,-0.8999999999999999,0.7000000000000002,0,0,lose,0,3,0
M-1986-27,1986-06-10,Argentina,Bulgaria,group stage,0.5,0.2,2.1,1.0,1.1,1.0,10,0.0,0.5,1.0,2.2,-1.2,0.5,10,0.5,2.3,-0.10000000000000009,0,0,win,2,0,2
M-1986-28,1986-06-10,South Korea,Italy,group stage,0.0,0.25,0.5,5.0,-4.5,0.5,4,0.4,0.5,1.5,1.0,0.5,0.6666666666666666,10,-0.4,-5.0,-0.5,-6,0,lose,2,3,0
M-1986-32,1986-06-11,Portugal,Morocco,group stage,0.75,0.0,2.25,1.125,1.125,0.6666666666666666,8,0.0,0.6,0.4,1.2,-0.8,0.5,5,0.75,1.925,1.05,3,0,lose,1,3,0
M-1986-31,1986-06-11,Poland,England,group stage,0.4,0.4,1.3,0.8,0.5,0.5,10,0.4,0.3,0.9,0.6,0.3,0.0,10,0.0,0.2,0.7000000000000001,0,0,lose,0,3,0
M-1986-30,1986-06-11,Belgium,Paraguay,group stage,0.4,0.1,1.0,1.3,-0.3,0.5,10,0.3333333333333333,0.3333333333333333,1.5555555555555556,2.2222222222222223,-0.6666666666666666,0.5,9,0.06666666666666671,0.36666666666666664,-1.2222222222222223,1,0,draw,2,2,1
M-1986-29,1986-06-11,Mexico,Iraq,group stage,0.3,0.3,1.1,1.8,-0.7,0.0,10,0.0,0.0,0.5,1.5,-1.0,0.5,2,0.3,0.30000000000000004,-0.3999999999999999,8,0,win,1,0,2
M-1986-33,1986-06-12,Algeria,Spain,group stage,0.4,0.2,1.2,1.4,-0.2,0.5,5,0.3,0.3,0.8,0.9,-0.1,0.5,10,0.10000000000000003,-0.1,0.29999999999999993,-5,0,lose,0,3,0
M-1986-34,1986-06-12,Northern Ireland,Brazil,group stage,0.2,0.5,1.1,1.7,-0.6,0.0,10,0.8,0.1,2.2,0.8,1.4,1.0,10,-0.6000000000000001,-2.0,0.30000000000000004,0,0,lose,0,3,0
M-1986-36,1986-06-13,Uruguay,Scotland,group stage,0.1,0.3,0.5,1.8,-1.3,0.3333333333333333,10,0.2,0.4,1.5,1.8,-0.3,0.5,10,-0.1,-1.0,-1.3,0,0,draw,0,0,1
M-1986-35,1986-06-13,Denmark,West Germany,group stage,1.0,0.0,3.5,0.5,3.0,0.5,2,0.5,0.2,1.7,1.5,0.2,0.5,10,0.5,2.8,2.0,-8,0,win,2,0,2
M-1986-38,1986-06-15,Belgium,Soviet Union,round of 16,0.3,0.2,0.9,1.5,-0.6,0.5,10,0.5,0.3,1.8,0.6,1.2,0.0,10,-0.2,-1.7999999999999998,0.30000000000000004,0,1,win,4,3,2
M-1986-37,1986-06-15,Mexico,Bulgaria,round of 16,0.4,0.2,1.2,1.8,-0.6,0.0,10,0.0,0.5,1.0,2.1,-1.1,0.5,10,0.4,0.5000000000000001,-0.9000000000000001,0,1,win,2,0,2
M-1986-40,1986-06-16,Uruguay,Argentina,round of 16,0.1,0.3,0.5,1.8,-1.3,0.3333333333333333,10,0.6,0.1,2.3,1.0,1.3,1.0,10,-0.5,-2.6,-0.5,0,1,lose,0,1,0
M-1986-39,1986-06-16,Brazil,Poland,round of 16,0.9,0.0,2.5,0.8,1.7,1.0,10,0.4,0.4,1.2,0.8,0.4,0.5,10,0.5,1.2999999999999998,1.7,0,1,win,4,0,2
M-1986-41,1986-06-17,Italy,France,round of 16,0.5,0.5,1.7,1.0,0.7,1.0,10,0.5,0.2,2.1,1.3,0.8,0.0,10,0.0,-0.10000000000000009,0.3999999999999999,0,1,lose,0,2,0
M-1986-42,1986-06-17,Morocco,West Germany,round of 16,0.16666666666666666,0.5,0.8333333333333334,1.1666666666666667,-0.3333333333333333,0.5,6,0.5,0.2,1.5,1.4,0.1,0.5,10,-0.33333333333333337,-0.43333333333333335,-0.5666666666666665,-4,1,lose,0,1,0
M-1986-44,1986-06-18,Spain,Denmark,round of 16,0.4,0.3,1.0,0.7,0.3,0.5,10,1.0,0.0,3.0,0.3333333333333333,2.6666666666666665,0.5,3,-0.6,-2.3666666666666667,0.6666666666666667,7,1,win,5,1,2
M-1986-43,1986-06-18,England,Paraguay,round of 16,0.5,0.3,1.2,0.5,0.7,0.0,10,0.3,0.4,1.6,2.2,-0.6,0.5,10,0.2,1.2999999999999998,-1.0000000000000002,0,1,win,3,0,2
M-1986-45,1986-06-21,Brazil,France,quarter-finals,0.9,0.0,2.6,0.7,1.9,1.0,10,0.6,0.2,2.2,1.0,1.2,0.3333333333333333,10,0.30000000000000004,0.7,1.6,0,1,lose,1,1,0
M-1986-46,1986-06-21,West Germany,Mexico,quarter-finals,0.6,0.2,1.5,1.2,0.3,0.6666666666666666,10,0.5,0.1,1.4,1.8,-0.4,0.5,10,0.09999999999999998,0.7,-0.30000000000000004,0,1,win,0,0,2
M-1986-48,1986-06-22,Spain,Belgium,quarter-finals,0.5,0.2,1.5,0.8,0.7,1.0,10,0.4,0.2,1.2,1.4,-0.2,1.0,10,0.09999999999999998,0.8999999999999999,0.10000000000000009,0,1,lose,1,1,0
M-1986-47,1986-06-22,Argentina,England,quarter-finals,0.6,0.1,1.8,1.0,0.8,1.0,10,0.5,0.3,1.4,0.5,0.9,0.5,10,0.09999999999999998,-0.09999999999999998,1.3,0,1,win,2,1,2
M-1986-50,1986-06-25,Belgium,Argentina,semi-finals,0.5,0.2,1.3,1.4,-0.1,1.0,10,0.6,0.1,1.7,1.0,0.7,1.0,10,-0.09999999999999998,-0.7999999999999999,0.30000000000000004,0,1,lose,0,2,0
M-1986-49,1986-06-25,France,West Germany,semi-finals,0.6,0.2,1.9,1.0,0.9,0.5,10,0.6,0.2,1.1,1.1,0.0,0.75,10,0.0,0.9,0.7999999999999998,0,1,lose,0,2,0
M-1986-51,1986-06-28,Belgium,France,third-place match,0.4,0.2,1.2,1.6,-0.4,0.6666666666666666,10,0.6,0.1,1.8,1.1,0.7,0.4,10,-0.19999999999999996,-1.1,0.09999999999999987,0,1,lose,2,4,0
M-1986-52,1986-06-29,Argentina,West Germany,final,0.7,0.1,1.9,0.9,1.0,1.0,10,0.6,0.2,1.2,1.1,0.1,0.8,10,0.09999999999999998,0.9,0.7999999999999998,0,1,win,3,2,2
M-1990-01,1990-06-08,Argentina,Cameroon,group stage,0.7,0.1,1.8,1.0,0.8,1.0,10,0.0,1.0,0.3333333333333333,0.3333333333333333,0.0,0.5,3,0.7,0.8,1.4666666666666668,7,0,lose,0,1,0
M-1990-02,1990-06-09,Soviet Union,Romania,group stage,0.4,0.3,1.9,1.0,0.9,0.0,10,0.25,0.125,1.5,2.125,-0.625,0.0,8,0.15000000000000002,1.525,-0.2250000000000001,2,0,lose,0,2,0
M-1990-03,1990-06-09,United Arab Emirates,Colombia,group stage,0.5,0.2,1.5,1.5,0.0,0.5,0,0.0,0.3333333333333333,1.6666666666666667,3.6666666666666665,-2.0,0.5,3,0.5,2.0,-2.1666666666666665,-3,0,lose,0,2,0
M-1990-04,1990-06-09,Italy,Austria,group stage,0.5,0.4,1.7,1.2,0.5,0.6666666666666666,10,0.4,0.1,1.0,1.3,-0.3,0.5,10,0.09999999999999998,0.8,0.3999999999999999,0,0,win,1,0,2
M-1990-07,1990-06-10,Yugoslavia,West Germany,group stage,0.2,0.3,1.4,1.0,0.4,0.0,10,0.6,0.1,1.4,1.4,0.0,0.6666666666666666,10,-0.39999999999999997,0.4,0.0,0,0,lose,1,4,0
M-1990-06,1990-06-10,Sweden,Brazil,group stage,0.3,0.3,0.9,0.9,0.0,0.5,10,0.8,0.0,2.5,0.7,1.8,0.5,10,-0.5,-1.8,0.20000000000000007,0,0,lose,1,2,0
M-1990-05,1990-06-10,Czechoslovakia,United States,group stage,0.2,0.2,1.0,1.8,-0.8,0.6666666666666666,10,0.42857142857142855,0.0,1.7142857142857142,3.0,-1.2857142857142858,0.0,7,-0.22857142857142854,0.48571428571428577,-2.0,3,0,win,5,1,2
M-1990-08,1990-06-11,Costa Rica,Scotland,group stage,0.5,0.2,1.5,1.5,0.0,0.5,0,0.2,0.4,1.5,1.8,-0.3,0.5,10,0.3,0.3,-0.30000000000000004,-10,0,win,1,0,2
M-1990-09,1990-06-11,England,Republic of Ireland,group stage,0.5,0.3,1.3,0.4,0.9,0.5,10,0.5,0.2,1.5,1.5,0.0,0.5,0,0.0,0.9,-0.19999999999999996,10,0,draw,1,1,1
M-1990-11,1990-06-12,Netherlands,Egypt,group stage,0.5,0.2,2.0,1.2,0.8,0.0,10,0.0,0.0,2.0,4.0,-2.0,0.0,1,0.5,2.8,-2.0,9,0,draw,1,1,1
M-1990-10,1990-06-12,Belgium,South Korea,group stage,0.3,0.2,1.3,2.0,-0.7,0.5,10,0.0,0.2,0.8,4.6,-3.8,0.5,5,0.3,3.0999999999999996,-3.3,5,0,win,2,0,2
M-1990-12,1990-06-13,Uruguay,Spain,group stage,0.1,0.3,0.5,1.8,-1.3,0.25,10,0.4,0.2,1.5,0.9,0.6,0.5,10,-0.30000000000000004,-1.9,-0.4,0,0,draw,0,0,1
M-1990-13,1990-06-13,Argentina,Soviet Union,group stage,0.6,0.1,1.6,1.1,0.5,1.0,10,0.4,0.3,1.9,1.1,0.8,0.0,10,0.19999999999999996,-0.30000000000000004,0.5,0,0,win,2,0,2
M-1990-16,1990-06-14,Italy,United States,group stage,0.6,0.3,1.7,1.1,0.6,0.6666666666666666,10,0.375,0.0,1.625,3.25,-1.625,0.0,8,0.22499999999999998,2.225,-1.55,2,0,win,1,0,2
M-1990-14,1990-06-14,Cameroon,Romania,group stage,0.25,0.75,0.5,0.25,0.25,0.5,4,0.3333333333333333,0.1111111111111111,1.5555555555555556,1.8888888888888888,-0.3333333333333333,0.0,9,-0.08333333333333331,0.5833333333333333,-1.3888888888888888,-5,0,win,2,1,2
M-1990-15,1990-06-14,Yugoslavia,Colombia,group stage,0.2,0.3,1.5,1.3,0.2,0.5,10,0.25,0.25,1.75,2.75,-1.0,0.5,4,-0.04999999999999999,1.2,-1.25,6,0,win,1,0,2
M-1990-18,1990-06-15,United Arab Emirates,West Germany,group stage,0.0,0.0,0.0,2.0,-2.0,0.5,1,0.6,0.1,1.6,1.4,0.2,0.6666666666666666,10,-0.6,-2.2,-1.4,-9,0,lose,1,5,0
M-1990-17,1990-06-15,Austria,Czechoslovakia,group stage,0.3,0.1,0.9,1.4,-0.5,0.5,10,0.3,0.2,1.4,1.6,-0.2,0.6666666666666666,10,0.0,-0.3,-0.7000000000000001,0,0,lose,0,1,0
M-1990-19,1990-06-16,Brazil,Costa Rica,group stage,0.8,0.0,2.5,0.7,1.8,0.5,10,1.0,0.0,1.0,0.0,1.0,0.5,1,-0.19999999999999996,0.8,2.5,9,0,win,1,0,2
M-1990-20,1990-06-16,Sweden,Scotland,group stage,0.2,0.3,0.9,1.1,-0.2,0.5,10,0.2,0.3,1.4,1.8,-0.4,0.5,10,0.0,0.2,-0.9,0,0,lose,1,2,0
M-1990-21,1990-06-16,England,Netherlands,group stage,0.4,0.4,1.1,0.4,0.7,0.5,10,0.4,0.3,1.9,1.3,0.6,0.0,10,0.0,0.09999999999999998,-0.19999999999999996,0,0,draw,0,0,1
M-1990-23,1990-06-17,Uruguay,Belgium,group stage,0.0,0.4,0.4,1.8,-1.4,0.0,10,0.4,0.1,1.4,1.9,-0.5,0.5,10,-0.4,-0.8999999999999999,-1.5,0,0,lose,1,3,0
M-1990-22,1990-06-17,Republic of Ireland,Egypt,group stage,0.0,1.0,1.0,1.0,0.0,0.5,1,0.0,0.5,1.5,2.5,-1.0,0.0,2,0.0,1.0,-1.5,-1,0,draw,0,0,1
M-1990-24,1990-06-17,South Korea,Spain,group stage,0.0,0.16666666666666666,0.6666666666666666,4.166666666666667,-3.5,0.5,6,0.4,0.2,1.4,0.8,0.6,0.5,10,-0.4,-4.1,-0.13333333333333341,-4,0,lose,1,3,0
M-1990-26,1990-06-18,Soviet Union,Cameroon,group stage,0.4,0.3,1.8,1.1,0.7,0.0,10,0.4,0.6,0.8,0.4,0.4,0.5,5,0.0,0.29999999999999993,1.4,5,0,win,4,0,2
M-1990-25,1990-06-18,Argentina,Romania,group stage,0.7,0.1,1.7,0.9,0.8,1.0,10,0.3,0.1,1.5,1.9,-0.4,0.0,10,0.39999999999999997,1.2000000000000002,-0.19999999999999996,0,0,draw,1,1,1
M-1990-30,1990-06-19,Czechoslovakia,Italy,group stage,0.3,0.2,1.4,1.6,-0.2,0.5,10,0.7,0.2,1.7,1.0,0.7,0.6666666666666666,10,-0.39999999999999997,-0.8999999999999999,0.3999999999999999,0,0,lose,0,2,0
M-1990-29,1990-06-19,United States,Austria,group stage,0.3333333333333333,0.0,1.4444444444444444,3.0,-1.5555555555555556,0.0,9,0.3,0.1,0.9,1.4,-0.5,0.5,10,0.033333333333333326,-1.0555555555555556,0.04444444444444451,-1,0,lose,1,2,0
M-1990-28,1990-06-19,Yugoslavia,United Arab Emirates,group stage,0.3,0.2,1.6,1.3,0.3,0.5,10,0.0,0.0,0.5,3.5,-3.0,0.5,2,0.3,3.3,-1.9,8,0,win,4,1,2
M-1990-27,1990-06-19,Colombia,West Germany,group stage,0.2,0.2,1.4,2.4,-1.0,0.5,5,0.6,0.1,1.8,1.2,0.6,0.6,10,-0.39999999999999997,-1.6,0.19999999999999996,-5,0,draw,1,1,1
M-1990-31,1990-06-20,Brazil,Scotland,group stage,0.8,0.0,2.2,0.6,1.6,0.5,10,0.3,0.3,1.5,1.6,-0.1,0.5,10,0.5,1.7000000000000002,0.6000000000000001,0,0,win,1,0,2
M-1990-32,1990-06-20,Sweden,Costa Rica,group stage,0.2,0.2,1.0,1.3,-0.3,0.5,10,0.5,0.0,0.5,0.5,0.0,0.5,2,-0.3,-0.3,0.5,8,0,lose,1,2,0
M-1990-35,1990-06-21,Egypt,England,group stage,0.0,0.6666666666666666,1.0,1.6666666666666667,-0.6666666666666666,0.0,3,0.3,0.5,0.9,0.4,0.5,0.5,10,-0.3,-1.1666666666666665,0.6,-7,0,lose,0,1,0
M-1990-36,1990-06-21,Netherlands,Republic of Ireland,group stage,0.3,0.4,1.7,1.3,0.4,0.0,10,0.0,1.0,0.5,0.5,0.0,0.5,2,0.3,0.4,1.2,8,0,draw,1,1,1
M-1990-34,1990-06-21,South Korea,Uruguay,group stage,0.0,0.14285714285714285,0.7142857142857143,4.0,-3.2857142857142856,0.5,7,0.0,0.4,0.4,1.8,-1.4,0.0,10,0.0,-1.8857142857142857,-1.0857142857142859,-3,0,lose,0,1,0
M-1990-33,1990-06-21,Spain,Belgium,group stage,0.4,0.2,1.5,0.8,0.7,0.5,10,0.5,0.1,1.7,1.7,0.0,0.5,10,-0.09999999999999998,0.7,-0.19999999999999996,0,0,win,2,1,2
M-1990-38,1990-06-23,Costa Rica,Czechoslovakia,round of 16,0.6666666666666666,0.0,1.0,0.6666666666666666,0.3333333333333333,0.5,3,0.2,0.2,1.1,1.7,-0.6,0.0,10,0.4666666666666666,0.9333333333333333,-0.7,-7,1,lose,1,4,0
M-1990-37,1990-06-23,Cameroon,Colombia,round of 16,0.3333333333333333,0.5,0.6666666666666666,1.0,-0.3333333333333333,0.5,6,0.16666666666666666,0.3333333333333333,1.3333333333333333,2.1666666666666665,-0.8333333333333334,0.5,6,0.16666666666666666,0.5,-1.5,0,1,win,2,1,2
M-1990-39,1990-06-24,Brazil,Argentina,round of 16,0.8,0.0,1.9,0.6,1.3,0.5,10,0.7,0.2,1.7,0.7,1.0,1.0,10,0.10000000000000009,0.30000000000000004,1.2,0,1,lose,0,1,0
M-1990-40,1990-06-24,West Germany,Netherlands,round of 16,0.6,0.2,1.8,1.0,0.8,0.75,10,0.3,0.5,1.7,1.2,0.5,0.0,10,0.3,0.30000000000000004,0.6000000000000001,0,1,win,2,1,2
M-1990-41,1990-06-25,Republic of Ireland,Romania,round of 16,0.0,1.0,0.6666666666666666,0.6666666666666666,0.0,0.5,3,0.2,0.2,1.3,1.9,-0.6,0.0,10,-0.2,0.6,-1.2333333333333334,-7,1,win,0,0,2
M-1990-42,1990-06-25,Italy,Uruguay,round of 16,0.7,0.2,1.7,0.9,0.8,0.6666666666666666,10,0.1,0.4,0.5,1.7,-1.2,0.0,10,0.6,2.0,0.0,0,1,win,2,0,2
M-1990-43,1990-06-26,Spain,Yugoslavia,round of 16,0.5,0.2,1.7,0.8,0.9,0.5,10,0.3,0.2,1.1,1.4,-0.3,0.5,10,0.2,1.2,0.30000000000000004,0,1,lose,1,2,0
M-1990-44,1990-06-26,England,Belgium,round of 16,0.3,0.5,0.9,0.4,0.5,0.5,10,0.5,0.1,1.8,1.8,0.0,0.5,10,-0.2,0.5,-0.9,0,1,win,1,0,2
M-1990-46,1990-06-30,Republic of Ireland,Italy,quarter-finals,0.25,0.75,0.5,0.5,0.0,1.0,4,0.7,0.2,1.6,0.7,0.9,0.75,10,-0.44999999999999996,-0.9,-0.19999999999999996,-6,1,lose,0,1,0
M-1990-45,1990-06-30,Yugoslavia,Argentina,quarter-finals,0.4,0.1,1.2,1.4,-0.2,1.0,10,0.7,0.2,1.5,0.6,0.9,1.0,10,-0.29999999999999993,-1.1,0.6,0,1,lose,0,0,0
M-1990-47,1990-07-01,Czechoslovakia,West Germany,quarter-finals,0.3,0.2,1.4,1.5,-0.1,1.0,10,0.7,0.1,1.9,1.0,0.9,0.8,10,-0.39999999999999997,-1.0,0.3999999999999999,0,1,lose,0,1,0
M-1990-48,1990-07-01,Cameroon,England,quarter-finals,0.42857142857142855,0.42857142857142855,0.8571428571428571,1.0,-0.14285714285714285,1.0,7,0.4,0.4,1.0,0.4,0.6,0.6666666666666666,10,0.028571428571428525,-0.7428571428571429,0.4571428571428571,-3,1,lose,2,3,0
M-1990-49,1990-07-03,Argentina,Italy,semi-finals,0.8,0.1,1.4,0.5,0.9,1.0,10,0.7,0.2,1.5,0.7,0.8,0.75,10,0.10000000000000009,0.09999999999999998,0.7,0,1,win,1,1,2
M-1990-50,1990-07-04,West Germany,England,semi-finals,0.7,0.1,1.8,0.9,0.9,0.8333333333333334,10,0.5,0.3,1.3,0.6,0.7,0.75,10,0.19999999999999996,0.20000000000000007,1.2000000000000002,0,1,win,1,1,2
M-1990-51,1990-07-07,Italy,England,third-place match,0.6,0.2,1.3,0.7,0.6,0.5,10,0.5,0.3,1.4,0.6,0.8,0.6,10,0.09999999999999998,-0.20000000000000007,0.7000000000000001,0,1,win,2,1,2
M-1990-52,1990-07-08,West Germany,Argentina,final,0.8,0.1,1.9,0.8,1.1,0.8571428571428571,10,0.8,0.1,1.3,0.6,0.7,1.0,10,0.0,0.40000000000000013,1.2999999999999998,0,1,win,1,0,2
M-1991-01,1991-11-16,Norway,China,group stage,0.0,0.0,1.0,2.0,-1.0,0.0,1,0.5,0.2,1.5,1.5,0.0,0.5,0,-0.5,-1.0,-0.5,1,0,lose,0,4,0
M-1991-05,1991-11-17,United States,Sweden,group stage,0.3,0.0,1.4,2.9,-1.5,0.0,10,0.2,0.1,1.1,1.5,-0.4,0.5,10,0.09999999999999998,-1.1,-0.10000000000000009,0,0,win,3,2,2
M-1991-06,1991-11-17,Chinese Taipei,Italy,group stage,0.5,0.2,1.5,1.5,0.0,0.5,0,0.7,0.1,1.4,0.7,0.7,0.6,10,-0.19999999999999996,-0.7,0.8,-10,0,lose,0,5,0
M-1991-04,1991-11-17,Brazil,Japan,group stage,0.7,0.0,1.6,0.6,1.0,0.3333333333333333,10,0.5,0.2,1.5,1.5,0.0,0.5,0,0.19999999999999996,1.0,0.10000000000000009,10,0,win,1,0,2
M-1991-03,1991-11-17,New Zealand,Denmark,group stage,0.0,0.0,0.6666666666666666,4.0,-3.3333333333333335,0.5,3,0.75,0.0,2.5,1.5,1.0,0.0,4,-0.75,-4.333333333333334,-0.8333333333333334,-1,0,lose,0,3,0
M-1991-02,1991-11-17,Nigeria,Germany,group stage,0.5,0.2,1.5,1.5,0.0,0.5,0,0.5,0.16666666666666666,2.3333333333333335,2.1666666666666665,0.16666666666666666,0.5,6,0.0,-0.16666666666666666,-0.6666666666666665,-6,0,lose,0,4,0
M-1991-12,1991-11-19,Germany,Chinese Taipei,group stage,0.5714285714285714,0.14285714285714285,2.5714285714285716,1.8571428571428572,0.7142857142857143,0.5,7,0.0,0.0,0.0,5.0,-5.0,0.5,1,0.5714285714285714,5.714285714285714,-2.4285714285714284,6,0,win,3,0,2
M-1991-11,1991-11-19,Sweden,Japan,group stage,0.1,0.1,1.0,1.8,-0.8,0.5,10,0.0,0.0,0.0,1.0,-1.0,0.5,1,0.1,0.19999999999999996,0.0,9,0,win,8,0,2
M-1991-10,1991-11-19,United States,Brazil,group stage,0.3,0.0,1.4,3.1,-1.7,0.0,10,0.8,0.0,1.5,0.3,1.2,0.3333333333333333,10,-0.5,-2.9,1.0999999999999999,0,0,win,5,0,2
M-1991-09,1991-11-19,China,Denmark,group stage,1.0,0.0,4.0,0.0,4.0,0.5,1,0.8,0.0,2.6,1.2,1.4,0.0,5,0.19999999999999996,2.6,2.8,-4,0,draw,2,2,1
M-1991-08,1991-11-19,Nigeria,Italy,group stage,0.0,0.0,0.0,4.0,-4.0,0.5,1,0.8,0.0,1.8,0.6,1.2,0.6,10,-0.8,-5.2,-0.6,-9,0,lose,0,1,0
M-1991-07,1991-11-19,New Zealand,Norway,group stage,0.0,0.0,0.5,3.75,-3.25,0.5,4,0.0,0.0,0.5,3.0,-2.5,0.0,2,0.0,-0.75,-2.5,2,0,lose,0,4,0
M-1991-16,1991-11-21,Denmark,Norway,group stage,0.6666666666666666,0.16666666666666666,2.5,1.3333333333333333,1.1666666666666667,0.0,6,0.3333333333333333,0.0,1.6666666666666667,2.0,-0.3333333333333333,0.0,3,0.3333333333333333,1.5,0.5,3,0,lose,1,2,0
M-1991-18,1991-11-21,Germany,Italy,group stage,0.625,0.125,2.625,1.625,1.0,0.5,8,0.8,0.0,1.6,0.4,1.2,0.6,10,-0.17500000000000004,-0.19999999999999996,2.225,-2,0,win,2,0,2
M-1991-17,1991-11-21,Nigeria,Chinese Taipei,group stage,0.0,0.0,0.0,2.5,-2.5,0.5,2,0.0,0.0,0.0,4.0,-4.0,0.5,2,0.0,1.5,-4.0,0,0,lose,0,2,0
M-1991-14,1991-11-21,Japan,United States,group stage,0.0,0.0,0.0,4.5,-4.5,0.5,2,0.3,0.0,1.6,3.1,-1.5,0.0,10,-0.3,-3.0,-3.1,-8,0,lose,0,3,0
M-1991-15,1991-11-21,China,New Zealand,group stage,0.5,0.5,3.0,1.0,2.0,0.5,2,0.0,0.0,0.4,3.8,-3.4,0.5,5,0.5,5.4,-0.7999999999999998,-3,0,win,4,1,2
M-1991-13,1991-11-21,Sweden,Brazil,group stage,0.2,0.1,1.8,1.7,0.1,0.5,10,0.7,0.0,1.4,0.8,0.6,0.3333333333333333,10,-0.49999999999999994,-0.5,1.0,0,0,win,2,0,2
M-1991-19,1991-11-24,Denmark,Germany,quarter-final,0.5714285714285714,0.14285714285714285,2.2857142857142856,1.4285714285714286,0.8571428571428571,0.0,7,0.6666666666666666,0.1111111111111111,2.5555555555555554,1.4444444444444444,1.1111111111111112,0.5,9,-0.09523809523809523,-0.25396825396825407,0.8412698412698412,-2,1,lose,1,2,0
M-1991-20,1991-11-24,China,Sweden,quarter-final,0.6666666666666666,0.3333333333333333,3.3333333333333335,1.0,2.3333333333333335,0.5,3,0.3,0.1,1.8,1.3,0.5,0.5,10,0.36666666666666664,1.8333333333333335,2.033333333333333,-7,1,lose,0,1,0
M-1991-21,1991-11-24,Norway,Italy,quarter-final,0.5,0.0,1.75,1.75,0.0,0.0,4,0.8,0.0,1.6,0.4,1.2,0.75,10,-0.30000000000000004,-1.2,1.35,-6,1,win,3,2,2
M-1991-22,1991-11-24,United States,Chinese Taipei,quarter-final,0.4,0.0,1.8,2.5,-0.7,0.0,10,0.3333333333333333,0.0,0.6666666666666666,2.6666666666666665,-2.0,0.5,3,0.06666666666666671,1.3,-0.8666666666666665,7,1,win,7,0,2
M-1991-24,1991-11-27,United States,Germany,semi-final,0.5,0.0,2.4,1.8,0.6,1.0,10,0.7,0.1,2.5,1.4,1.1,0.5714285714285714,10,-0.19999999999999996,-0.5000000000000001,1.0,0,1,win,5,2,2
M-1991-23,1991-11-27,Sweden,Norway,semi-final,0.3,0.1,1.7,1.2,0.5,1.0,10,0.6,0.0,2.0,1.8,0.2,0.5,5,-0.3,0.3,-0.10000000000000009,5,1,lose,1,4,0
M-1991-25,1991-11-29,Sweden,Germany,third-place match,0.3,0.0,1.7,1.5,0.2,0.5,10,0.6,0.1,2.2,1.7,0.5,0.42857142857142855,10,-0.3,-0.3,0.0,0,1,win,4,0,2
M-1991-26,1991-11-30,Norway,United States,final,0.6666666666666666,0.0,2.3333333333333335,1.6666666666666667,0.6666666666666666,0.6666666666666666,6,0.6,0.0,2.8,1.7,1.1,1.0,10,0.06666666666666665,-0.43333333333333346,0.6333333333333335,-4,1,lose,1,2,0
M-1994-02,1994-06-17,Spain,South Korea,group stage,0.5,0.2,1.7,0.8,0.9,0.3333333333333333,10,0.0,0.125,0.625,3.625,-3.0,0.5,8,0.5,3.9,-1.925,2,0,draw,2,2,1
M-1994-01,1994-06-17,Germany,Bolivia,group stage,0.5,0.1,2.0,2.0,0.0,0.2857142857142857,10,0.0,0.0,0.0,5.333333333333333,-5.333333333333333,0.5,3,0.5,5.333333333333333,-3.333333333333333,7,0,win,1,0,2
M-1994-03,1994-06-18,United States,Switzerland,group stage,0.6,0.0,2.9,1.8,1.1,1.0,10,0.2,0.0,1.4,2.8,-1.4,0.0,10,0.39999999999999997,2.5,0.10000000000000009,0,0,draw,1,1,1
M-1994-04,1994-06-18,Italy,Republic of Ireland,group stage,0.7,0.0,1.7,0.7,1.0,0.6,10,0.2,0.6,0.4,0.6,-0.2,0.5,5,0.49999999999999994,1.2,1.1,5,0,lose,0,1,0
M-1994-05,1994-06-18,Colombia,Romania,group stage,0.14285714285714285,0.2857142857142857,1.2857142857142858,2.142857142857143,-0.8571428571428571,0.0,7,0.2,0.2,1.3,1.5,-0.2,0.0,10,-0.05714285714285716,-0.657142857142857,-0.2142857142857142,-3,0,lose,1,3,0
M-1994-08,1994-06-19,Cameroon,Sweden,group stage,0.375,0.375,1.0,1.25,-0.25,0.5,8,0.4,0.0,2.1,1.4,0.7,0.6666666666666666,10,-0.025000000000000022,-0.95,-0.3999999999999999,-2,0,draw,2,2,1
M-1994-07,1994-06-19,Norway,Mexico,group stage,0.5714285714285714,0.0,2.142857142857143,1.7142857142857142,0.42857142857142855,0.5,7,0.4,0.1,1.0,1.8,-0.8,0.3333333333333333,10,0.17142857142857137,1.2285714285714286,0.34285714285714275,-3,0,win,1,0,2
M-1994-06,1994-06-19,Belgium,Morocco,group stage,0.5,0.1,1.7,1.7,0.0,0.4,10,0.14285714285714285,0.42857142857142855,0.7142857142857143,1.1428571428571428,-0.42857142857142855,0.0,7,0.35714285714285715,0.42857142857142855,0.5571428571428572,3,0,win,1,0,2
M-1994-09,1994-06-20,Brazil,Russia,group stage,0.6,0.0,1.3,1.0,0.3,0.3333333333333333,10,0.5,0.2,1.5,1.5,0.0,0.5,0,0.09999999999999998,0.3,-0.19999999999999996,10,0,win,2,0,2
M-1994-10,1994-06-20,Netherlands,Saudi Arabia,group stage,0.2,0.5,1.5,1.4,0.1,0.0,10,0.5,0.2,1.5,1.5,0.0,0.5,0,-0.3,0.1,0.0,10,0,win,2,1,2
M-1994-13,1994-06-21,Bulgaria,Nigeria,group stage,0.0,0.5,0.9,2.0,-1.1,0.0,10,0.0,0.0,0.0,2.3333333333333335,-2.3333333333333335,0.5,3,0.0,1.2333333333333334,-1.4333333333333336,7,0,lose,0,3,0
M-1994-11,1994-06-21,Argentina,Greece,group stage,0.7,0.1,1.2,0.7,0.5,0.8571428571428571,10,0.5,0.2,1.5,1.5,0.0,0.5,0,0.19999999999999996,0.5,-0.30000000000000004,10,0,win,4,0,2
M-1994-12,1994-06-21,Germany,Spain,group stage,0.6,0.1,2.0,1.7,0.3,0.3333333333333333,10,0.5,0.2,1.9,1.0,0.9,0.3333333333333333,10,0.09999999999999998,-0.6000000000000001,1.0,0,0,draw,1,1,1
M-1994-15,1994-06-22,United States,Colombia,group stage,0.6,0.1,2.8,1.4,1.4,1.0,10,0.125,0.25,1.25,2.25,-1.0,0.0,8,0.475,2.4,0.5499999999999998,2,0,win,2,1,2
M-1994-14,1994-06-22,Romania,Switzerland,group stage,0.3,0.2,1.5,1.4,0.1,0.0,10,0.1,0.1,1.3,2.8,-1.5,0.0,10,0.19999999999999998,1.6,-1.2999999999999998,0,0,lose,1,4,0
M-1994-17,1994-06-23,South Korea,Bolivia,group stage,0.0,0.2222222222222222,0.7777777777777778,3.4444444444444446,-2.6666666666666665,0.5,9,0.0,0.0,0.0,4.25,-4.25,0.5,4,0.0,1.5833333333333335,-3.4722222222222223,5,0,draw,0,0,1
M-1994-16,1994-06-23,Italy,Norway,group stage,0.6,0.0,1.6,0.8,0.8,0.6,10,0.625,0.0,2.0,1.5,0.5,0.5,8,-0.025000000000000022,0.30000000000000004,0.10000000000000009,2,0,win,1,0,2
M-1994-18,1994-06-24,Mexico,Republic of Ireland,group stage,0.3,0.1,0.9,1.9,-1.0,0.3333333333333333,10,0.3333333333333333,0.5,0.5,0.5,0.0,0.5,6,-0.033333333333333326,-1.0,0.4,4,0,win,2,1,2
M-1994-19,1994-06-24,Brazil,Cameroon,group stage,0.6,0.0,1.2,1.0,0.2,0.3333333333333333,10,0.3333333333333333,0.4444444444444444,1.1111111111111112,1.3333333333333333,-0.2222222222222222,0.5,9,0.26666666666666666,0.4222222222222222,-0.1333333333333333,1,0,win,3,0,2
M-1994-20,1994-06-24,Sweden,Russia,group stage,0.4,0.1,2.3,1.5,0.8,0.6666666666666666,10,0.0,0.0,0.0,2.0,-2.0,0.5,1,0.4,2.8,0.2999999999999998,9,0,win,3,1,2
M-1994-21,1994-06-25,Belgium,Netherlands,group stage,0.5,0.1,1.6,1.6,0.0,0.4,10,0.3,0.4,1.7,1.5,0.2,0.0,10,0.2,-0.2,0.10000000000000009,0,0,win,1,0,2
M-1994-22,1994-06-25,Saudi Arabia,Morocco,group stage,0.0,0.0,1.0,2.0,-1.0,0.5,1,0.125,0.375,0.625,1.125,-0.5,0.0,8,-0.125,-0.5,-0.125,-7,0,win,2,1,2
M-1994-23,1994-06-25,Argentina,Nigeria,group stage,0.7,0.1,1.4,0.6,0.8,0.8333333333333334,10,0.25,0.0,0.75,1.75,-1.0,0.5,4,0.44999999999999996,1.8,-0.3500000000000001,6,0,win,2,1,2
M-1994-26,1994-06-26,Romania,United States,group stage,0.3,0.1,1.3,1.5,-0.2,0.0,10,0.7,0.1,2.9,1.0,1.9,1.0,10,-0.39999999999999997,-2.1,0.30000000000000004,0,0,win,1,0,2
M-1994-25,1994-06-26,Colombia,Switzerland,group stage,0.1111111111111111,0.2222222222222222,1.2222222222222223,2.2222222222222223,-1.0,0.0,9,0.2,0.1,1.7,2.7,-1.0,0.0,10,-0.0888888888888889,0.0,-1.4777777777777779,-1,0,win,2,0,2
M-1994-24,1994-06-26,Greece,Bulgaria,group stage,0.0,0.0,0.0,4.0,-4.0,0.5,1,0.0,0.5,0.7,2.0,-1.3,0.0,10,0.0,-2.7,-2.0,-9,0,lose,0,4,0
M-1994-27,1994-06-27,Bolivia,Spain,group stage,0.0,0.2,0.0,3.4,-3.4,0.5,5,0.5,0.3,2.0,1.0,1.0,0.3333333333333333,10,-0.5,-4.4,-1.0,-5,0,lose,1,3,0
M-1994-28,1994-06-27,Germany,South Korea,group stage,0.5,0.2,1.8,1.6,0.2,0.2,10,0.0,0.3,0.7,3.1,-2.4,0.5,10,0.5,2.6,-1.3,0,0,win,3,2,2
M-1994-32,1994-06-28,Sweden,Brazil,group stage,0.5,0.1,2.5,1.4,1.1,0.6666666666666666,10,0.6,0.0,1.1,1.0,0.1,0.0,10,-0.09999999999999998,1.0,1.5,0,0,draw,1,1,1
M-1994-31,1994-06-28,Cameroon,Russia,group stage,0.3,0.4,1.0,1.5,-0.5,0.5,10,0.0,0.0,0.5,2.5,-2.0,0.5,2,0.3,1.5,-1.5,8,0,lose,1,6,0
M-1994-30,1994-06-28,Republic of Ireland,Norway,group stage,0.2857142857142857,0.42857142857142855,0.5714285714285714,0.7142857142857143,-0.14285714285714285,0.5,7,0.5555555555555556,0.0,1.7777777777777777,1.4444444444444444,0.3333333333333333,0.5,9,-0.2698412698412699,-0.47619047619047616,-0.873015873015873,-2,0,draw,0,0,1
M-1994-29,1994-06-28,Mexico,Italy,group stage,0.4,0.1,1.0,1.6,-0.6,0.5,10,0.6,0.0,1.5,0.8,0.7,0.6,10,-0.19999999999999996,-1.2999999999999998,0.19999999999999996,0,0,draw,1,1,1
M-1994-34,1994-06-29,Netherlands,Morocco,group stage,0.3,0.4,1.5,1.3,0.2,0.0,10,0.1111111111111111,0.3333333333333333,0.6666666666666666,1.2222222222222223,-0.5555555555555556,0.0,9,0.18888888888888888,0.7555555555555555,0.2777777777777777,1,0,win,2,1,2
M-1994-33,1994-06-29,Belgium,Saudi Arabia,group stage,0.6,0.0,1.5,1.4,0.1,0.4,10,0.5,0.0,1.5,1.5,0.0,0.5,2,0.09999999999999998,0.1,0.0,8,0,lose,0,1,0
M-1994-36,1994-06-30,Greece,Nigeria,group stage,0.0,0.0,0.0,4.0,-4.0,0.5,2,0.2,0.0,0.8,1.8,-1.0,0.5,5,-0.2,-3.0,-1.8,-3,0,lose,0,2,0
M-1994-35,1994-06-30,Argentina,Bulgaria,group stage,0.7,0.1,1.4,0.7,0.7,0.8,10,0.1,0.5,0.9,1.5,-0.6,0.0,10,0.6,1.2999999999999998,-0.10000000000000009,0,0,lose,0,2,0
M-1994-37,1994-07-02,Germany,Belgium,round of 16,0.6,0.1,2.0,1.7,0.3,0.25,10,0.5,0.0,1.1,1.2,-0.1,0.25,10,0.09999999999999998,0.4,0.8,0,1,win,3,2,2
M-1994-38,1994-07-02,Spain,Switzerland,round of 16,0.5,0.3,2.1,1.0,1.1,0.3333333333333333,10,0.1,0.1,1.3,2.8,-1.5,0.0,10,0.4,2.6,-0.6999999999999997,0,1,win,3,0,2
M-1994-40,1994-07-03,Romania,Argentina,round of 16,0.4,0.1,1.3,1.3,0.0,0.0,10,0.6,0.1,1.1,0.7,0.4,0.75,10,-0.19999999999999996,-0.4,0.6000000000000001,0,1,win,3,2,2
M-1994-39,1994-07-03,Saudi Arabia,Sweden,round of 16,0.6666666666666666,0.0,1.3333333333333333,1.0,0.3333333333333333,0.5,3,0.5,0.2,2.5,1.3,1.2,0.6666666666666666,10,0.16666666666666663,-0.8666666666666667,0.033333333333333215,-7,1,lose,1,3,0
M-1994-41,1994-07-04,Republic of Ireland,Netherlands,round of 16,0.25,0.5,0.5,0.625,-0.125,0.5,8,0.3,0.4,1.2,1.3,-0.1,0.0,10,-0.04999999999999999,-0.024999999999999994,-0.8,-2,1,lose,0,2,0
M-1994-42,1994-07-04,Brazil,United States,round of 16,0.6,0.1,1.1,1.0,0.1,0.0,10,0.7,0.1,2.9,1.0,1.9,1.0,10,-0.09999999999999998,-1.7999999999999998,0.10000000000000009,0,1,win,1,0,2
M-1994-44,1994-07-05,Bulgaria,Mexico,round of 16,0.2,0.4,1.0,1.4,-0.4,0.0,10,0.4,0.2,1.0,1.4,-0.4,0.5,10,-0.2,0.0,-0.3999999999999999,0,1,win,1,1,2
M-1994-43,1994-07-05,Nigeria,Italy,round of 16,0.3333333333333333,0.0,1.0,1.5,-0.5,0.5,6,0.5,0.1,1.4,0.9,0.5,0.5,10,-0.16666666666666669,-1.0,0.09999999999999998,-4,1,lose,1,2,0
M-1994-46,1994-07-09,Brazil,Netherlands,quarter-finals,0.6,0.1,1.0,0.9,0.1,0.5,10,0.4,0.3,1.2,1.1,0.1,0.3333333333333333,10,0.19999999999999996,0.0,-0.10000000000000009,0,1,win,3,2,2
M-1994-45,1994-07-09,Italy,Spain,quarter-finals,0.5,0.1,1.5,1.0,0.5,0.5,10,0.5,0.3,2.1,1.0,1.1,0.5,10,0.0,-0.6000000000000001,0.5,0,1,win,2,1,2
M-1994-47,1994-07-10,Bulgaria,Germany,quarter-finals,0.3,0.3,1.1,1.5,-0.4,0.5,10,0.7,0.1,2.1,1.5,0.6,0.5,10,-0.39999999999999997,-1.0,-0.3999999999999999,0,1,win,2,1,2
M-1994-48,1994-07-10,Romania,Sweden,quarter-finals,0.5,0.1,1.6,1.4,0.2,0.5,10,0.6,0.2,2.7,1.2,1.5,0.75,10,-0.09999999999999998,-1.3,0.40000000000000013,0,1,lose,2,2,0
M-1994-49,1994-07-13,Bulgaria,Italy,semi-finals,0.4,0.2,1.2,1.5,-0.3,0.6666666666666666,10,0.6,0.1,1.6,1.0,0.6,0.75,10,-0.19999999999999996,-0.8999999999999999,0.19999999999999996,0,1,lose,1,2,0
M-1994-50,1994-07-13,Sweden,Brazil,semi-finals,0.7,0.2,2.7,1.1,1.6,0.8,10,0.6,0.1,1.2,1.1,0.1,0.6666666666666666,10,0.09999999999999998,1.5,1.6,0,1,lose,0,1,0
M-1994-51,1994-07-16,Bulgaria,Sweden,third-place match,0.4,0.2,1.2,1.3,-0.1,0.5,10,0.6,0.2,1.9,1.2,0.7,0.6666666666666666,10,-0.19999999999999996,-0.7999999999999999,0.0,0,1,lose,0,4,0
M-1994-52,1994-07-17,Brazil,Italy,final,0.6,0.1,1.2,1.1,0.1,0.75,10,0.6,0.1,1.6,1.0,0.6,0.75,10,0.0,-0.5,0.19999999999999996,0,1,win,0,0,2
M-1995-01,1995-06-05,Germany,Japan,group stage,0.6,0.1,1.8,1.7,0.1,0.4,10,0.0,0.0,0.0,4.0,-4.0,0.5,3,0.6,4.1,-2.2,7,0,win,1,0,2
M-1995-02,1995-06-05,Sweden,Brazil,group stage,0.6,0.2,2.1,1.2,0.9,0.7142857142857143,10,0.7,0.1,1.2,1.0,0.2,1.0,10,-0.09999999999999998,0.7,1.1,0,0,lose,0,1,0
M-1995-06,1995-06-06,United States,China,group stage,0.7,0.1,2.8,0.9,1.9,0.75,10,0.5,0.25,2.5,1.0,1.5,0.0,4,0.19999999999999996,0.3999999999999999,1.7999999999999998,6,0,draw,3,3,1
M-1995-05,1995-06-06,Australia,Denmark,group stage,0.0,0.3333333333333333,0.0,1.6666666666666667,-1.6666666666666667,0.5,3,0.5,0.125,2.125,1.5,0.625,0.0,8,-0.5,-2.291666666666667,-1.5,-5,0,lose,0,5,0
M-1995-03,1995-06-06,Canada,England,group stage,0.0,0.0,0.0,1.6666666666666667,-1.6666666666666667,0.5,3,0.5,0.2,1.5,0.8,0.7,0.5,10,-0.5,-2.3666666666666667,-0.8,-7,0,lose,2,3,0
M-1995-04,1995-06-06,Norway,Nigeria,group stage,0.5,0.1,1.6,1.3,0.3,0.5,10,0.2857142857142857,0.0,1.0,1.5714285714285714,-0.5714285714285714,0.0,7,0.2142857142857143,0.8714285714285714,0.028571428571428692,3,0,win,8,0,2
M-1995-07,1995-06-07,Brazil,Japan,group stage,0.7,0.1,1.2,1.0,0.2,1.0,10,0.0,0.0,0.0,3.25,-3.25,0.5,4,0.7,3.45,-2.05,6,0,lose,1,2,0
M-1995-08,1995-06-07,Sweden,Germany,group stage,0.5,0.2,2.0,1.3,0.7,0.6666666666666666,10,0.6,0.1,1.6,1.7,-0.1,0.4,10,-0.09999999999999998,0.7999999999999999,0.30000000000000004,0,0,win,3,2,2
M-1995-09,1995-06-08,Nigeria,Canada,group stage,0.25,0.0,0.875,2.375,-1.5,0.0,8,0.0,0.0,0.5,2.0,-1.5,0.5,4,0.25,0.0,-1.125,4,0,draw,3,3,1
M-1995-10,1995-06-08,Norway,England,group stage,0.6,0.1,2.3,1.1,1.2,0.6666666666666666,10,0.5,0.2,1.5,1.0,0.5,0.5,10,0.09999999999999998,0.7,1.2999999999999998,0,0,win,2,0,2
M-1995-11,1995-06-08,China,Australia,group stage,0.4,0.4,2.6,1.4,1.2,0.0,5,0.0,0.25,0.0,2.5,-2.5,0.5,4,0.4,3.7,0.10000000000000009,1,0,win,4,2,2
M-1995-12,1995-06-08,United States,Denmark,group stage,0.6,0.2,2.8,1.0,1.8,0.75,10,0.5555555555555556,0.1111111111111111,2.4444444444444446,1.3333333333333333,1.1111111111111112,0.0,9,0.0444444444444444,0.6888888888888889,1.4666666666666666,1,0,win,2,0,2
M-1995-14,1995-06-09,Japan,Sweden,group stage,0.2,0.0,0.4,2.8,-2.4,0.5,5,0.6,0.2,2.2,1.1,1.1,0.8,10,-0.39999999999999997,-3.5,-0.7000000000000001,-5,0,lose,0,2,0
M-1995-13,1995-06-09,Brazil,Germany,group stage,0.7,0.1,1.3,0.7,0.6,1.0,10,0.5,0.1,1.6,2.0,-0.4,0.4,10,0.19999999999999996,1.0,-0.7,0,0,lose,1,6,0
M-1995-18,1995-06-10,Australia,United States,group stage,0.0,0.2,0.4,2.8,-2.4,0.5,5,0.6,0.2,2.5,1.0,1.5,0.75,10,-0.6,-3.9,-0.6,-5,0,lose,1,4,0
M-1995-15,1995-06-10,Nigeria,England,group stage,0.2222222222222222,0.1111111111111111,1.1111111111111112,2.4444444444444446,-1.3333333333333333,0.0,9,0.4,0.2,1.2,1.2,0.0,0.4,10,-0.1777777777777778,-1.3333333333333333,-0.0888888888888888,-1,0,lose,2,3,0
M-1995-16,1995-06-10,Norway,Canada,group stage,0.7,0.1,2.5,0.7,1.8,0.6666666666666666,10,0.0,0.2,1.0,2.2,-1.2,0.5,5,0.7,3.0,0.2999999999999998,5,0,win,7,0,2
M-1995-17,1995-06-10,China,Denmark,group stage,0.5,0.3333333333333333,2.8333333333333335,1.5,1.3333333333333333,0.0,6,0.5,0.1,2.2,1.4,0.8,0.0,10,0.0,0.5333333333333332,1.4333333333333336,-4,0,win,3,1,2
M-1995-22,1995-06-13,Sweden,China,quarter-final,0.6,0.2,2.0,1.1,0.9,0.75,10,0.5714285714285714,0.2857142857142857,2.857142857142857,1.4285714285714286,1.4285714285714286,0.0,7,0.02857142857142858,-0.5285714285714286,0.5714285714285714,3,1,lose,1,1,0
M-1995-21,1995-06-13,England,Germany,quarter-final,0.5,0.2,1.4,1.2,0.2,0.5,10,0.5,0.1,2.0,2.0,0.0,0.25,10,0.0,0.2,-0.6000000000000001,0,1,lose,0,3,0
M-1995-20,1995-06-13,Norway,Denmark,quarter-final,0.7,0.1,2.8,0.7,2.1,0.6666666666666666,10,0.4,0.1,2.2,1.7,0.5,0.0,10,0.29999999999999993,1.6,1.0999999999999999,0,1,win,3,1,2
M-1995-19,1995-06-13,United States,Japan,quarter-final,0.6,0.2,2.6,1.1,1.5,0.75,10,0.16666666666666666,0.0,0.3333333333333333,2.6666666666666665,-2.3333333333333335,0.5,6,0.43333333333333335,3.8333333333333335,-0.06666666666666643,4,1,win,4,0,2
M-1995-24,1995-06-15,Germany,China,semi-final,0.6,0.1,2.1,1.5,0.6,0.5,10,0.625,0.25,2.625,1.375,1.25,0.5,8,-0.025000000000000022,-0.65,0.7250000000000001,2,1,win,1,0,2
M-1995-23,1995-06-15,United States,Norway,semi-final,0.6,0.2,2.3,1.1,1.2,0.75,10,0.7,0.1,2.9,0.7,2.2,0.75,10,-0.09999999999999998,-1.0000000000000002,1.5999999999999999,0,1,lose,0,1,0
M-1995-25,1995-06-17,China,United States,third-place match,0.5555555555555556,0.2222222222222222,2.3333333333333335,1.3333333333333333,1.0,0.3333333333333333,9,0.5,0.2,1.8,1.0,0.8,0.5,10,0.05555555555555558,0.19999999999999996,1.3333333333333335,-1,1,lose,0,2,0
M-1995-26,1995-06-18,Germany,Norway,final,0.7,0.1,2.2,1.1,1.1,0.75,10,0.7,0.1,2.7,0.5,2.2,0.75,10,0.0,-1.1,1.7000000000000002,0,1,lose,0,2,0
M-1998-01,1998-06-10,Brazil,Scotland,group stage,0.7,0.1,1.4,1.1,0.3,1.0,10,0.3,0.2,1.4,1.6,-0.2,0.5,10,0.39999999999999997,0.5,-0.20000000000000018,0,0,win,2,1,2
M-1998-02,1998-06-10,Morocco,Norway,group stage,0.1,0.3,0.7,1.3,-0.6,0.0,10,0.7,0.1,2.5,0.4,2.1,0.75,10,-0.6,-2.7,0.29999999999999993,0,0,draw,2,2,1
M-1998-03,1998-06-11,Italy,Chile,group stage,0.5,0.1,1.1,1.0,0.1,0.6,10,0.1,0.3,0.7,1.5,-0.8,1.0,10,0.4,0.9,-0.3999999999999999,0,0,draw,2,2,1
M-1998-04,1998-06-11,Cameroon,Austria,group stage,0.3,0.3,1.1,2.1,-1.0,0.5,10,0.4,0.1,1.0,1.0,0.0,0.5,10,-0.10000000000000003,-1.0,0.10000000000000009,0,0,draw,1,1,1
M-1998-07,1998-06-12,France,South Africa,group stage,0.6,0.1,2.1,1.3,0.8,0.5,10,0.5,0.2,1.5,1.5,0.0,0.5,0,0.09999999999999998,0.8,0.6000000000000001,10,0,win,3,0,2
M-1998-06,1998-06-12,Denmark,Saudi Arabia,group stage,0.3,0.1,1.7,1.9,-0.2,0.0,10,0.5,0.0,1.25,1.5,-0.25,0.0,4,-0.2,0.04999999999999999,0.19999999999999996,6,0,win,1,0,2
M-1998-05,1998-06-12,Bulgaria,Paraguay,group stage,0.4,0.1,1.1,1.6,-0.5,0.4,10,0.3,0.4,1.6,2.2,-0.6,0.0,10,0.10000000000000003,0.09999999999999998,-1.1,0,0,draw,0,0,1
M-1998-08,1998-06-13,Spain,Nigeria,group stage,0.4,0.3,1.7,1.1,0.6,0.25,10,0.2,0.1,1.2,2.5,-1.3,0.0,10,0.2,1.9,-0.8,0,0,lose,2,3,0
M-1998-09,1998-06-13,South Korea,Mexico,group stage,0.0,0.3,0.9,2.5,-1.6,0.5,10,0.4,0.2,1.1,0.9,0.2,0.3333333333333333,10,-0.4,-1.8,0.0,0,0,lose,1,3,0
M-1998-10,1998-06-13,Netherlands,Belgium,group stage,0.3,0.3,1.2,1.3,-0.1,0.25,10,0.4,0.0,1.2,1.4,-0.2,0.0,10,-0.10000000000000003,0.1,-0.19999999999999996,0,0,draw,0,0,1
M-1998-13,1998-06-14,Croatia,Jamaica,group stage,0.5,0.2,1.5,1.5,0.0,0.5,0,0.5,0.2,1.5,1.5,0.0,0.5,0,0.0,0.0,0.0,0,0,win,3,1,2
M-1998-12,1998-06-14,Iran,Yugoslavia,group stage,0.0,0.3333333333333333,0.6666666666666666,2.6666666666666665,-2.0,0.5,3,0.4,0.1,1.2,1.2,0.0,0.5,10,-0.4,-2.0,-0.5333333333333333,-7,0,lose,0,1,0
M-1998-11,1998-06-14,Argentina,Japan,group stage,0.6,0.1,1.3,0.9,0.4,0.6,10,0.14285714285714285,0.0,0.2857142857142857,2.857142857142857,-2.5714285714285716,0.0,7,0.45714285714285713,2.9714285714285715,-1.5571428571428572,3,0,win,1,0,2
M-1998-14,1998-06-15,England,Tunisia,group stage,0.5,0.1,1.3,1.4,-0.1,0.4,10,0.3333333333333333,0.3333333333333333,1.0,0.6666666666666666,0.3333333333333333,0.5,3,0.16666666666666669,-0.43333333333333335,0.6333333333333334,7,0,win,2,0,2
M-1998-15,1998-06-15,Romania,Colombia,group stage,0.4,0.1,1.6,1.5,0.1,0.3333333333333333,10,0.2,0.2,1.3,2.0,-0.7,0.0,10,0.2,0.7999999999999999,-0.3999999999999999,0,0,win,1,0,2
M-1998-16,1998-06-15,Germany,United States,group stage,0.6,0.1,2.1,1.3,0.8,0.6,10,0.5,0.2,1.8,0.9,0.9,0.5,10,0.09999999999999998,-0.09999999999999998,1.2000000000000002,0,0,win,2,0,2
M-1998-18,1998-06-16,Morocco,Brazil,group stage,0.1,0.4,0.8,1.3,-0.5,0.0,10,0.7,0.1,1.4,1.2,0.2,1.0,10,-0.6,-0.7,-0.3999999999999999,0,0,lose,0,3,0
M-1998-17,1998-06-16,Scotland,Norway,group stage,0.2,0.2,1.2,1.6,-0.4,0.5,10,0.7,0.2,2.6,0.4,2.2,1.0,10,-0.49999999999999994,-2.6,0.7999999999999999,0,0,draw,1,1,1
M-1998-19,1998-06-17,Chile,Austria,group stage,0.0,0.4,0.8,1.7,-0.9,0.5,10,0.4,0.2,1.1,1.0,0.1,0.5,10,-0.4,-1.0,-0.19999999999999996,0,0,draw,1,1,1
M-1998-20,1998-06-17,Italy,Cameroon,group stage,0.4,0.2,1.2,1.2,0.0,0.6,10,0.3,0.3,1.2,2.2,-1.0,0.5,10,0.10000000000000003,1.0,-1.0000000000000002,0,0,win,3,0,2
M-1998-21,1998-06-18,South Africa,Denmark,group stage,0.0,0.0,0.0,3.0,-3.0,0.5,1,0.3,0.1,1.6,1.9,-0.3,0.0,10,-0.3,-2.7,-1.9,-9,0,draw,1,1,1
M-1998-22,1998-06-18,France,Saudi Arabia,group stage,0.6,0.1,2.0,1.2,0.8,0.5,10,0.4,0.0,1.0,1.4,-0.4,0.0,5,0.19999999999999996,1.2000000000000002,0.6000000000000001,5,0,win,4,0,2
M-1998-23,1998-06-19,Nigeria,Bulgaria,group stage,0.3,0.1,1.5,2.3,-0.8,0.0,10,0.4,0.1,1.0,1.5,-0.5,0.4,10,-0.10000000000000003,-0.30000000000000004,0.0,0,0,win,1,0,2
M-1998-24,1998-06-19,Spain,Paraguay,group stage,0.4,0.3,1.8,1.3,0.5,0.3333333333333333,10,0.2,0.5,1.5,2.2,-0.7,0.0,10,0.2,1.2,-0.40000000000000013,0,0,draw,0,0,1
M-1998-26,1998-06-20,Belgium,Mexico,group stage,0.4,0.1,1.2,1.2,0.0,0.0,10,0.5,0.2,1.3,0.7,0.6,0.3333333333333333,10,-0.09999999999999998,-0.6,0.5,0,0,draw,2,2,1
M-1998-27,1998-06-20,South Korea,Netherlands,group stage,0.0,0.3,1.0,2.1,-1.1,0.5,10,0.3,0.4,1.1,1.0,0.1,0.3333333333333333,10,-0.3,-1.2000000000000002,0.0,0,0,lose,0,5,0
M-1998-25,1998-06-20,Croatia,Japan,group stage,1.0,0.0,3.0,1.0,2.0,0.5,1,0.125,0.0,0.25,2.625,-2.375,0.0,8,0.875,4.375,0.375,-7,0,win,1,0,2
M-1998-28,1998-06-21,Germany,Yugoslavia,group stage,0.7,0.0,2.2,1.2,1.0,0.6,10,0.5,0.1,1.2,1.0,0.2,0.5,10,0.19999999999999996,0.8,1.2000000000000002,0,0,draw,2,2,1
M-1998-29,1998-06-21,Argentina,Jamaica,group stage,0.6,0.1,1.2,0.9,0.3,0.6,10,0.0,0.0,1.0,3.0,-2.0,0.5,1,0.6,2.3,-1.8,9,0,win,5,0,2
M-1998-30,1998-06-21,United States,Iran,group stage,0.5,0.1,1.7,1.0,0.7,0.5,10,0.0,0.25,0.5,2.25,-1.75,0.5,4,0.5,2.45,-0.55,6,0,lose,1,2,0
M-1998-32,1998-06-22,Romania,England,group stage,0.5,0.1,1.5,1.2,0.3,0.3333333333333333,10,0.6,0.0,1.5,1.4,0.1,0.4,10,-0.09999999999999998,0.19999999999999998,0.10000000000000009,0,0,win,2,1,2
M-1998-31,1998-06-22,Colombia,Tunisia,group stage,0.2,0.2,1.2,1.9,-0.7,0.0,10,0.25,0.25,0.75,1.0,-0.25,0.5,4,-0.04999999999999999,-0.44999999999999996,0.19999999999999996,6,0,win,1,0,2
M-1998-36,1998-06-23,Morocco,Scotland,group stage,0.1,0.4,0.8,1.3,-0.5,0.0,10,0.1,0.3,0.8,1.5,-0.7,0.5,10,0.0,0.19999999999999996,-0.7,0,0,win,3,0,2
M-1998-35,1998-06-23,Brazil,Norway,group stage,0.7,0.1,1.4,1.2,0.2,1.0,10,0.6,0.3,2.6,0.5,2.1,1.0,10,0.09999999999999998,-1.9000000000000001,0.8999999999999999,0,0,lose,1,2,0
M-1998-34,1998-06-23,Italy,Austria,group stage,0.5,0.2,1.5,1.0,0.5,0.6,10,0.3,0.3,0.9,0.9,0.0,0.5,10,0.2,0.5,0.6,0,0,win,2,1,2
M-1998-33,1998-06-23,Cameroon,Chile,group stage,0.3,0.2,1.1,2.4,-1.3,0.5,10,0.0,0.5,0.9,1.6,-0.7,0.5,10,0.3,-0.6000000000000001,-0.5,0,0,draw,1,1,1
M-1998-37,1998-06-24,France,Denmark,group stage,0.7,0.1,2.1,0.9,1.2,0.6,10,0.3,0.2,1.6,1.5,0.1,0.0,10,0.39999999999999997,1.0999999999999999,0.6000000000000001,0,0,win,2,1,2
M-1998-38,1998-06-24,South Africa,Saudi Arabia,group stage,0.0,0.5,0.5,2.0,-1.5,0.5,2,0.3333333333333333,0.0,0.8333333333333334,1.8333333333333333,-1.0,0.0,6,-0.3333333333333333,-0.5,-1.3333333333333333,-4,0,draw,2,2,1
M-1998-39,1998-06-24,Nigeria,Paraguay,group stage,0.4,0.1,1.6,2.2,-0.6,0.0,10,0.2,0.5,1.3,2.0,-0.7,0.0,10,0.2,0.09999999999999998,-0.3999999999999999,0,0,lose,1,3,0
M-1998-40,1998-06-24,Spain,Bulgaria,group stage,0.4,0.3,1.8,1.3,0.5,0.3333333333333333,10,0.4,0.1,1.0,1.4,-0.4,0.4,10,0.0,0.9,0.40000000000000013,0,0,win,6,1,2
M-1998-44,1998-06-25,Yugoslavia,United States,group stage,0.5,0.2,1.3,1.0,0.3,0.5,10,0.4,0.1,1.6,1.1,0.5,0.5,10,0.09999999999999998,-0.2,0.19999999999999996,0,0,win,1,0,2
M-1998-43,1998-06-25,Iran,Germany,group stage,0.2,0.2,0.8,2.0,-1.2,0.5,5,0.6,0.1,2.1,1.2,0.9,0.6,10,-0.39999999999999997,-2.1,-0.3999999999999999,-5,0,lose,0,2,0
M-1998-42,1998-06-25,Netherlands,Mexico,group stage,0.4,0.3,1.5,0.9,0.6,0.3333333333333333,10,0.4,0.3,1.3,0.8,0.5,0.3333333333333333,10,0.0,0.09999999999999998,0.7,0,0,draw,2,2,1
M-1998-41,1998-06-25,South Korea,Belgium,group stage,0.0,0.3,0.9,2.3,-1.4,0.5,10,0.4,0.2,1.2,1.0,0.2,0.0,10,-0.4,-1.5999999999999999,-0.09999999999999998,0,0,draw,1,1,1
M-1998-48,1998-06-26,Tunisia,Romania,group stage,0.2,0.2,0.6,1.0,-0.4,0.5,5,0.5,0.1,1.5,1.3,0.2,0.3333333333333333,10,-0.3,-0.6000000000000001,-0.7000000000000001,-5,0,draw,1,1,1
M-1998-47,1998-06-26,England,Colombia,group stage,0.5,0.0,1.5,1.6,-0.1,0.4,10,0.3,0.1,0.9,1.5,-0.6,0.0,10,0.2,0.5,0.0,0,0,win,2,0,2
M-1998-46,1998-06-26,Japan,Jamaica,group stage,0.1111111111111111,0.0,0.2222222222222222,2.4444444444444446,-2.2222222222222223,0.0,9,0.0,0.0,0.5,4.0,-3.5,0.5,2,0.1111111111111111,1.2777777777777777,-3.7777777777777777,7,0,lose,1,2,0
M-1998-45,1998-06-26,Croatia,Argentina,group stage,1.0,0.0,2.0,0.5,1.5,0.5,2,0.7,0.0,1.6,0.8,0.8,0.6,10,0.30000000000000004,0.7,1.2,-8,0,lose,0,1,0
M-1998-49,1998-06-27,Italy,Norway,round of 16,0.6,0.2,1.5,0.8,0.7,0.75,10,0.7,0.3,2.8,0.5,2.3,1.0,10,-0.09999999999999998,-1.5999999999999999,1.0,0,1,win,1,0,2
M-1998-50,1998-06-27,Brazil,Chile,round of 16,0.7,0.0,1.4,1.3,0.1,1.0,10,0.0,0.5,0.9,1.6,-0.7,0.5,10,0.7,0.7999999999999999,-0.20000000000000018,0,1,win,4,1,2
M-1998-52,1998-06-28,Denmark,Nigeria,round of 16,0.2,0.2,1.4,1.7,-0.3,0.0,10,0.4,0.1,1.7,2.3,-0.6,0.0,10,-0.2,0.3,-0.8999999999999999,0,1,win,4,1,2
M-1998-51,1998-06-28,France,Paraguay,round of 16,0.8,0.1,2.1,0.7,1.4,0.75,10,0.3,0.5,1.6,1.9,-0.3,0.0,10,0.5,1.7,0.20000000000000018,0,1,win,1,0,2
M-1998-54,1998-06-29,Netherlands,Yugoslavia,round of 16,0.4,0.3,1.7,1.1,0.6,0.3333333333333333,10,0.6,0.1,1.4,1.0,0.4,0.5,10,-0.19999999999999996,0.19999999999999996,0.7,0,1,win,2,1,2
M-1998-53,1998-06-29,Germany,Mexico,round of 16,0.6,0.1,2.0,1.0,1.0,0.5,10,0.4,0.3,1.4,0.9,0.5,0.3333333333333333,10,0.19999999999999996,0.5,1.1,0,1,win,2,1,2
M-1998-56,1998-06-30,Argentina,England,round of 16,0.7,0.0,1.6,0.8,0.8,0.5,10,0.5,0.0,1.6,1.6,0.0,0.25,10,0.19999999999999996,0.8,0.0,0,1,win,2,2,2
M-1998-55,1998-06-30,Romania,Croatia,round of 16,0.5,0.2,1.5,1.2,0.3,0.3333333333333333,10,0.6666666666666666,0.0,1.3333333333333333,0.6666666666666666,0.6666666666666666,0.5,3,-0.16666666666666663,-0.36666666666666664,0.8333333333333334,7,1,lose,0,1,0
M-1998-57,1998-07-03,Italy,France,quarter-finals,0.7,0.2,1.6,0.7,0.9,0.8,10,0.8,0.1,2.1,0.7,1.4,0.8,10,-0.10000000000000009,-0.4999999999999999,0.9000000000000001,0,1,lose,0,0,0
M-1998-58,1998-07-03,Brazil,Denmark,quarter-finals,0.7,0.0,1.7,1.4,0.3,1.0,10,0.3,0.1,1.6,1.6,0.0,0.3333333333333333,10,0.39999999999999997,0.3,0.09999999999999987,0,1,win,3,2,2
M-1998-59,1998-07-04,Netherlands,Argentina,quarter-finals,0.5,0.2,1.8,1.1,0.7,0.5,10,0.7,0.0,1.8,1.0,0.8,0.5,10,-0.19999999999999996,-0.10000000000000009,0.8,0,1,win,2,1,2
M-1998-60,1998-07-04,Germany,Croatia,quarter-finals,0.7,0.1,2.1,0.9,1.2,0.75,10,0.75,0.0,1.25,0.5,0.75,1.0,4,-0.050000000000000044,0.44999999999999996,1.6,6,1,lose,0,3,0
M-1998-61,1998-07-07,Netherlands,Brazil,semi-finals,0.6,0.2,1.9,1.0,0.9,0.75,10,0.7,0.0,1.7,1.4,0.3,1.0,10,-0.09999999999999998,0.6000000000000001,0.5,0,1,lose,1,1,0
M-1998-62,1998-07-08,France,Croatia,semi-finals,0.9,0.0,2.0,0.6,1.4,0.8333333333333334,10,0.8,0.0,1.6,0.4,1.2,1.0,5,0.09999999999999998,0.19999999999999996,1.6,5,1,win,2,1,2
M-1998-63,1998-07-11,Netherlands,Croatia,third-place match,0.5,0.2,1.8,1.0,0.8,0.6,10,0.6666666666666666,0.0,1.5,0.6666666666666666,0.8333333333333334,0.6666666666666666,6,-0.16666666666666663,-0.033333333333333326,1.1333333333333333,4,1,lose,1,2,0
M-1998-64,1998-07-12,Brazil,France,final,0.7,0.0,1.7,1.5,0.2,1.0,10,0.9,0.0,1.9,0.7,1.2,0.8571428571428571,10,-0.20000000000000007,-1.0,1.0,0,1,lose,0,3,0
M-1999-03,1999-06-19,Mexico,Brazil,group stage,0.3,0.3,1.4,1.1,0.3,0.25,10,0.6,0.0,1.7,1.8,-0.1,0.75,10,-0.3,0.4,-0.40000000000000013,0,0,lose,1,7,0
M-1999-04,1999-06-19,Canada,Japan,group stage,0.0,0.16666666666666666,0.8333333333333334,3.0,-2.1666666666666665,0.5,6,0.1,0.0,0.3,2.4,-2.1,0.0,10,-0.1,-0.06666666666666643,-1.5666666666666664,-4,0,draw,1,1,1
M-1999-01,1999-06-19,Denmark,United States,group stage,0.3,0.1,1.7,1.7,0.0,0.25,10,0.4,0.1,1.6,1.1,0.5,0.5,10,-0.10000000000000003,-0.5,0.5999999999999999,0,0,lose,0,3,0
M-1999-02,1999-06-19,China,Sweden,group stage,0.5,0.2,2.1,1.4,0.7,0.25,10,0.6,0.1,1.9,1.0,0.9,0.6,10,-0.09999999999999998,-0.20000000000000007,1.1,0,0,win,2,1,2
M-1999-05,1999-06-20,Germany,Italy,group stage,0.6,0.1,2.0,1.2,0.8,0.6,10,0.6,0.2,1.5,0.7,0.8,0.6666666666666666,10,0.0,0.0,1.3,0,0,draw,1,1,1
M-1999-06,1999-06-20,Norway,Russia,group stage,0.7,0.2,2.8,0.6,2.2,0.75,10,0.3333333333333333,0.0,2.3333333333333335,2.0,0.3333333333333333,0.5,3,0.36666666666666664,1.866666666666667,0.7999999999999998,7,0,win,2,1,2
M-1999-07,1999-06-20,North Korea,Nigeria,group stage,0.25,0.25,1.25,2.25,-1.0,0.0,4,0.3,0.1,1.5,2.7,-1.2,0.0,10,-0.04999999999999999,0.19999999999999996,-1.4500000000000002,-6,0,lose,1,2,0
M-1999-08,1999-06-20,Australia,Ghana,group stage,0.0,0.16666666666666666,0.5,3.0,-2.5,0.5,6,0.5,0.2,1.5,1.5,0.0,0.5,0,-0.5,-2.5,-1.0,6,0,draw,1,1,1
M-1999-11,1999-06-23,Sweden,Australia,group stage,0.5,0.1,1.7,1.1,0.6,0.6,10,0.0,0.2857142857142857,0.5714285714285714,2.7142857142857144,-2.142857142857143,0.5,7,0.5,2.742857142857143,-1.0142857142857145,3,0,win,3,1,2
M-1999-12,1999-06-23,Ghana,China,group stage,0.0,1.0,1.0,1.0,0.0,0.5,1,0.5,0.2,1.9,1.5,0.4,0.25,10,-0.5,-0.4,-0.5,-9,0,lose,0,7,0
M-1999-10,1999-06-23,Norway,Canada,group stage,0.7,0.2,2.2,0.7,1.5,0.75,10,0.0,0.2857142857142857,0.8571428571428571,2.7142857142857144,-1.8571428571428572,0.5,7,0.7,3.357142857142857,-0.5142857142857142,3,0,win,7,1,2
M-1999-09,1999-06-23,Russia,Japan,group stage,0.25,0.0,2.0,2.0,0.0,0.5,4,0.1,0.1,0.4,2.4,-2.0,0.0,10,0.15,2.0,-0.3999999999999999,-6,0,win,5,0,2
M-1999-16,1999-06-24,Germany,Mexico,group stage,0.6,0.2,1.9,1.0,0.9,0.6,10,0.2,0.3,1.3,1.8,-0.5,0.0,10,0.39999999999999997,1.4,0.09999999999999987,0,0,win,6,0,2
M-1999-15,1999-06-24,Nigeria,United States,group stage,0.4,0.1,1.6,2.6,-1.0,0.0,10,0.5,0.1,1.9,1.0,0.9,0.6666666666666666,10,-0.09999999999999998,-1.9,0.6000000000000001,0,0,lose,1,7,0
M-1999-14,1999-06-24,North Korea,Denmark,group stage,0.2,0.2,1.2,2.2,-1.0,0.0,5,0.3,0.1,1.6,1.8,-0.2,0.3333333333333333,10,-0.09999999999999998,-0.8,-0.6000000000000001,-5,0,win,3,1,2
M-1999-13,1999-06-24,Italy,Brazil,group stage,0.6,0.2,1.5,0.7,0.8,0.6666666666666666,10,0.6,0.0,2.3,1.9,0.4,0.75,10,0.0,0.4,-0.3999999999999999,0,0,lose,0,2,0
M-1999-17,1999-06-26,Canada,Russia,group stage,0.0,0.25,0.875,3.25,-2.375,0.5,8,0.4,0.0,2.6,1.6,1.0,0.5,5,-0.4,-3.375,-0.7250000000000001,3,0,lose,1,4,0
M-1999-18,1999-06-26,China,Australia,group stage,0.6,0.1,2.4,1.3,1.1,0.25,10,0.0,0.25,0.625,2.75,-2.125,0.5,8,0.6,3.225,-0.3500000000000001,2,0,win,3,1,2
M-1999-19,1999-06-26,Ghana,Sweden,group stage,0.0,0.5,0.5,4.0,-3.5,0.5,2,0.6,0.0,1.9,1.1,0.8,0.6,10,-0.6,-4.3,-0.6000000000000001,-8,0,lose,0,2,0
M-1999-20,1999-06-26,Norway,Japan,group stage,0.7,0.2,2.7,0.8,1.9,0.75,10,0.1,0.1,0.4,2.1,-1.7,0.0,10,0.6,3.5999999999999996,0.6000000000000001,0,0,win,4,0,2
M-1999-23,1999-06-27,Italy,Mexico,group stage,0.5,0.2,1.3,0.8,0.5,0.6,10,0.2,0.3,1.3,2.4,-1.1,0.0,10,0.3,1.6,-1.0999999999999999,0,0,win,2,0,2
M-1999-24,1999-06-27,North Korea,United States,group stage,0.3333333333333333,0.16666666666666666,1.5,2.0,-0.5,0.0,6,0.6,0.0,2.3,0.8,1.5,0.6666666666666666,10,-0.26666666666666666,-2.0,0.7,-4,0,lose,0,3,0
M-1999-21,1999-06-27,Germany,Brazil,group stage,0.6,0.2,1.9,0.9,1.0,0.6,10,0.7,0.0,2.4,1.7,0.7,0.75,10,-0.09999999999999998,0.30000000000000004,0.19999999999999996,0,0,draw,3,3,1
M-1999-22,1999-06-27,Nigeria,Denmark,group stage,0.3,0.1,1.5,3.3,-1.8,0.0,10,0.2,0.1,1.2,2.1,-0.9,0.3333333333333333,10,0.09999999999999998,-0.9,-0.6000000000000001,0,0,win,2,0,2
M-1999-25,1999-06-30,China,Russia,quarter-final,0.6,0.1,2.3,1.3,1.0,0.25,10,0.5,0.0,2.8333333333333335,1.5,1.3333333333333333,0.5,6,0.09999999999999998,-0.33333333333333326,0.7999999999999998,4,1,win,2,0,2
M-1999-26,1999-06-30,Norway,Sweden,quarter-final,0.7,0.2,2.4,0.8,1.6,0.75,10,0.6,0.0,1.8,1.0,0.8,0.5,10,0.09999999999999998,0.8,1.4,0,1,win,3,1,2
M-1999-28,1999-07-01,Nigeria,Brazil,quarter-final,0.4,0.1,1.6,3.1,-1.5,0.0,10,0.7,0.1,2.6,1.4,1.2,0.75,10,-0.29999999999999993,-2.7,0.20000000000000018,0,1,lose,3,4,0
M-1999-27,1999-07-01,Germany,United States,quarter-final,0.5,0.3,1.9,1.2,0.7,0.5,10,0.6,0.0,2.4,0.8,1.6,0.6666666666666666,10,-0.09999999999999998,-0.9000000000000001,1.0999999999999999,0,1,lose,2,3,0
M-1999-29,1999-07-04,United States,Brazil,semi-final,0.6,0.0,2.3,0.9,1.4,0.75,10,0.7,0.1,2.8,1.6,1.2,0.8,10,-0.09999999999999998,0.19999999999999996,0.6999999999999997,0,1,win,2,0,2
M-1999-30,1999-07-04,Norway,China,semi-final,0.7,0.2,2.4,0.8,1.6,0.75,10,0.7,0.1,2.5,1.2,1.3,0.5,10,0.0,0.30000000000000004,1.2,0,1,lose,0,5,0
M-1999-32,1999-07-10,China,United States,final,0.8,0.0,2.7,0.9,1.8,0.6,10,0.6,0.0,2.1,0.9,1.2,0.75,10,0.20000000000000007,0.6000000000000001,1.8000000000000003,0,1,lose,0,0,0
M-1999-31,1999-07-10,Norway,Brazil,third-place match,0.6,0.2,2.3,1.3,1.0,0.5,10,0.6,0.1,2.5,1.8,0.7,0.6666666666666666,10,0.0,0.30000000000000004,0.4999999999999998,0,1,lose,0,0,0
M-2002-01,2002-05-31,France,Senegal,group stage,0.9,0.0,2.0,0.7,1.3,0.8571428571428571,10,0.5,0.2,1.5,1.5,0.0,0.5,0,0.4,1.3,0.5,10,0,lose,0,1,0
M-2002-02,2002-06-01,Republic of Ireland,Cameroon,group stage,0.2222222222222222,0.4444444444444444,0.4444444444444444,0.7777777777777778,-0.3333333333333333,0.3333333333333333,9,0.2,0.3,1.1,2.5,-1.4,0.5,10,0.0222222222222222,1.0666666666666667,-2.0555555555555554,-1,0,draw,1,1,1
M-2002-03,2002-06-01,Uruguay,Denmark,group stage,0.1,0.4,0.5,1.7,-1.2,0.0,10,0.2,0.1,1.2,2.1,-0.9,0.3333333333333333,10,-0.1,-0.29999999999999993,-1.6,0,0,lose,1,2,0
M-2002-04,2002-06-01,Germany,Saudi Arabia,group stage,0.4,0.3,2.0,1.5,0.5,0.25,10,0.2857142857142857,0.14285714285714285,1.0,1.8571428571428572,-0.8571428571428571,0.0,7,0.11428571428571432,1.3571428571428572,0.1428571428571428,3,0,win,8,0,2
M-2002-08,2002-06-02,Slovenia,Spain,group stage,0.5,0.2,1.5,1.5,0.0,0.5,0,0.4,0.3,2.1,1.3,0.8,0.3333333333333333,10,0.09999999999999998,-0.8,0.19999999999999996,-10,0,lose,1,3,0
M-2002-07,2002-06-02,Sweden,England,group stage,0.5,0.0,1.7,1.1,0.6,0.25,10,0.4,0.0,1.5,1.6,-0.1,0.0,10,0.09999999999999998,0.7,0.09999999999999987,0,0,draw,1,1,1
M-2002-05,2002-06-02,Argentina,Nigeria,group stage,0.6,0.0,1.8,1.1,0.7,0.25,10,0.4,0.1,1.9,2.7,-0.8,0.0,10,0.19999999999999996,1.5,-0.9000000000000001,0,0,win,1,0,2
M-2002-06,2002-06-02,Paraguay,South Africa,group stage,0.3,0.5,1.3,1.3,0.0,0.0,10,0.0,0.6666666666666666,1.0,2.0,-1.0,0.5,3,0.3,1.0,-0.7,7,0,draw,2,2,1
M-2002-11,2002-06-03,Italy,Ecuador,group stage,0.5,0.2,1.3,0.7,0.6,0.5,10,0.5,0.2,1.5,1.5,0.0,0.5,0,0.0,0.6,-0.19999999999999996,10,0,win,2,0,2
M-2002-10,2002-06-03,Turkey,Brazil,group stage,0.3333333333333333,0.0,3.3333333333333335,3.6666666666666665,-0.3333333333333333,0.5,3,0.7,0.1,2.4,1.6,0.8,0.7142857142857143,10,-0.36666666666666664,-1.1333333333333333,1.7333333333333334,-7,0,lose,1,2,0
M-2002-09,2002-06-03,Mexico,Croatia,group stage,0.2,0.3,1.3,2.5,-1.2,0.0,10,0.7142857142857143,0.0,1.5714285714285714,0.7142857142857143,0.8571428571428571,0.75,7,-0.5142857142857142,-2.057142857142857,0.5857142857142857,3,0,win,1,0,2
M-2002-12,2002-06-04,China,Costa Rica,group stage,0.7,0.0,2.3,0.7,1.6,0.5,10,0.5,0.0,1.0,1.5,-0.5,0.0,4,0.19999999999999996,2.1,0.7999999999999998,6,0,lose,0,2,0
M-2002-13,2002-06-04,Japan,Belgium,group stage,0.1,0.1,0.4,2.2,-1.8,0.0,10,0.3,0.3,1.1,1.1,0.0,0.0,10,-0.19999999999999998,-1.8,-0.7000000000000001,0,0,draw,2,2,1
M-2002-14,2002-06-04,South Korea,Poland,group stage,0.0,0.3,0.9,2.3,-1.4,0.5,10,0.4,0.3,1.2,1.2,0.0,0.3333333333333333,10,-0.4,-1.4,-0.29999999999999993,0,0,win,2,0,2
M-2002-15,2002-06-05,Russia,Tunisia,group stage,0.42857142857142855,0.0,2.4285714285714284,1.5714285714285714,0.8571428571428571,0.0,7,0.16666666666666666,0.3333333333333333,0.6666666666666666,1.0,-0.3333333333333333,0.5,6,0.26190476190476186,1.1904761904761905,1.4285714285714284,1,0,win,2,0,2
M-2002-16,2002-06-05,United States,Portugal,group stage,0.7,0.0,2.1,0.8,1.3,1.0,10,0.6666666666666666,0.0,2.111111111111111,1.3333333333333333,0.7777777777777778,0.6666666666666666,9,0.033333333333333326,0.5222222222222223,0.7666666666666668,1,0,win,3,2,2
M-2002-17,2002-06-05,Germany,Republic of Ireland,group stage,0.5,0.3,2.8,1.3,1.5,0.3333333333333333,10,0.2,0.5,0.5,0.8,-0.3,0.3333333333333333,10,0.3,1.8,1.9999999999999998,0,0,draw,1,1,1
M-2002-20,2002-06-06,Uruguay,France,group stage,0.1,0.3,0.5,1.8,-1.3,0.0,10,0.8,0.0,1.9,0.7,1.2,0.8333333333333334,10,-0.7000000000000001,-2.5,-0.19999999999999996,0,0,draw,0,0,1
M-2002-19,2002-06-06,Saudi Arabia,Cameroon,group stage,0.25,0.125,0.875,2.625,-1.75,0.0,8,0.1,0.4,1.0,2.5,-1.5,0.5,10,0.15,-0.25,-1.625,-2,0,lose,0,1,0
M-2002-18,2002-06-06,Senegal,Denmark,group stage,1.0,0.0,1.0,0.0,1.0,0.5,1,0.3,0.1,1.3,1.9,-0.6,0.3333333333333333,10,0.7,1.6,-0.8999999999999999,-9,0,draw,1,1,1
M-2002-23,2002-06-07,England,Argentina,group stage,0.4,0.1,1.5,1.6,-0.1,0.0,10,0.7,0.0,1.9,1.0,0.9,0.3333333333333333,10,-0.29999999999999993,-1.0,0.5,0,0,win,1,0,2
M-2002-21,2002-06-07,Sweden,Nigeria,group stage,0.5,0.1,1.8,1.1,0.7,0.3333333333333333,10,0.4,0.0,1.6,2.5,-0.9,0.0,10,0.09999999999999998,1.6,-0.7,0,0,win,2,1,2
M-2002-22,2002-06-07,Spain,Paraguay,group stage,0.4,0.3,2.2,1.3,0.9,0.3333333333333333,10,0.2,0.6,1.2,1.3,-0.1,0.0,10,0.2,1.0,0.9000000000000001,0,0,win,3,1,2
M-2002-24,2002-06-08,South Africa,Slovenia,group stage,0.0,0.75,1.25,2.0,-0.75,0.5,4,0.0,0.0,1.0,3.0,-2.0,0.5,1,0.0,1.25,-1.75,3,0,win,1,0,2
M-2002-25,2002-06-08,Italy,Croatia,group stage,0.5,0.2,1.3,0.6,0.7,0.3333333333333333,10,0.625,0.0,1.375,0.75,0.625,0.75,8,-0.125,0.07499999999999996,0.55,2,0,lose,1,2,0
M-2002-26,2002-06-08,Brazil,China,group stage,0.7,0.1,2.2,1.6,0.6,0.6666666666666666,10,0.6,0.0,2.0,0.8,1.2,0.5,10,0.09999999999999998,-0.6,1.4000000000000001,0,0,win,4,0,2
M-2002-29,2002-06-09,Japan,Russia,group stage,0.1,0.2,0.6,2.3,-1.7,0.0,10,0.5,0.0,2.375,1.375,1.0,0.0,8,-0.4,-2.7,-0.775,2,0,win,1,0,2
M-2002-28,2002-06-09,Turkey,Costa Rica,group stage,0.25,0.0,2.75,3.25,-0.5,0.5,4,0.6,0.0,1.2,1.2,0.0,0.0,5,-0.35,-0.5,1.55,-1,0,draw,1,1,1
M-2002-27,2002-06-09,Ecuador,Mexico,group stage,0.0,0.0,0.0,2.0,-2.0,0.5,1,0.2,0.3,1.2,2.4,-1.2,0.0,10,-0.2,-0.8,-2.4,-9,0,lose,1,2,0
M-2002-30,2002-06-10,South Korea,United States,group stage,0.1,0.3,0.9,2.0,-1.1,0.5,10,0.7,0.0,2.2,1.0,1.2,1.0,10,-0.6,-2.3,-0.09999999999999998,0,0,draw,1,1,1
M-2002-31,2002-06-10,Tunisia,Belgium,group stage,0.14285714285714285,0.2857142857142857,0.5714285714285714,1.1428571428571428,-0.5714285714285714,0.5,7,0.2,0.4,1.0,1.2,-0.2,0.0,10,-0.05714285714285716,-0.3714285714285714,-0.6285714285714286,-3,0,draw,1,1,1
M-2002-32,2002-06-10,Portugal,Poland,group stage,0.6,0.0,2.1,1.5,0.6,0.6666666666666666,10,0.4,0.2,1.2,1.4,-0.2,0.3333333333333333,10,0.19999999999999996,0.8,0.7000000000000002,0,0,win,4,0,2
M-2002-36,2002-06-11,Saudi Arabia,Republic of Ireland,group stage,0.2222222222222222,0.1111111111111111,0.7777777777777778,2.4444444444444446,-1.6666666666666667,0.0,9,0.2,0.5,0.5,0.8,-0.3,0.3333333333333333,10,0.0222222222222222,-1.3666666666666667,-0.022222222222222254,-1,0,lose,0,3,0
M-2002-35,2002-06-11,Germany,Cameroon,group stage,0.4,0.4,2.7,1.4,1.3,0.3333333333333333,10,0.2,0.4,1.1,2.1,-1.0,0.5,10,0.2,2.3,0.6000000000000001,0,0,win,2,0,2
M-2002-33,2002-06-11,Denmark,France,group stage,0.3,0.2,1.3,1.7,-0.4,0.5,10,0.8,0.1,1.9,0.5,1.4,1.0,10,-0.5,-1.7999999999999998,0.8,0,0,win,2,0,2
M-2002-34,2002-06-11,Senegal,Uruguay,group stage,0.5,0.5,1.0,0.5,0.5,0.5,2,0.1,0.4,0.5,1.5,-1.0,0.0,10,0.4,1.5,-0.5,-8,0,draw,3,3,1
M-2002-40,2002-06-12,South Africa,Spain,group stage,0.2,0.6,1.2,1.6,-0.4,0.5,5,0.5,0.3,2.4,1.2,1.2,0.5,10,-0.3,-1.6,0.0,-5,0,lose,2,3,0
M-2002-39,2002-06-12,Paraguay,Slovenia,group stage,0.2,0.5,1.0,1.3,-0.3,0.0,10,0.0,0.0,0.5,2.0,-1.5,0.5,2,0.2,1.2,-1.0,8,0,win,3,1,2
M-2002-37,2002-06-12,England,Nigeria,group stage,0.5,0.1,1.5,1.4,0.1,0.0,10,0.4,0.0,1.5,2.4,-0.9,0.0,10,0.09999999999999998,1.0,-0.8999999999999999,0,0,draw,0,0,1
M-2002-38,2002-06-12,Sweden,Argentina,group stage,0.5,0.1,1.6,1.2,0.4,0.0,10,0.6,0.0,1.5,1.1,0.4,0.3333333333333333,10,-0.09999999999999998,0.0,0.5,0,0,draw,1,1,1
M-2002-44,2002-06-13,Mexico,Italy,group stage,0.3,0.2,1.3,2.4,-1.1,0.0,10,0.5,0.2,1.4,0.8,0.6,0.5,10,-0.2,-1.7000000000000002,0.5,0,0,draw,1,1,1
M-2002-43,2002-06-13,Croatia,Ecuador,group stage,0.6666666666666666,0.0,1.4444444444444444,0.7777777777777778,0.6666666666666666,0.75,9,0.0,0.0,0.5,2.0,-1.5,0.5,2,0.6666666666666666,2.1666666666666665,-0.5555555555555556,7,0,lose,0,1,0
M-2002-42,2002-06-13,Turkey,China,group stage,0.2,0.2,2.4,2.8,-0.4,0.5,5,0.5,0.0,1.9,1.1,0.8,0.4,10,-0.3,-1.2000000000000002,1.2999999999999998,-5,0,win,3,0,2
M-2002-41,2002-06-13,Brazil,Costa Rica,group stage,0.7,0.1,2.3,1.4,0.9,0.6,10,0.5,0.16666666666666666,1.1666666666666667,1.1666666666666667,0.0,0.0,6,0.19999999999999996,0.9,1.133333333333333,4,0,win,5,2,2
M-2002-45,2002-06-14,Belgium,Russia,group stage,0.2,0.5,1.0,1.1,-0.1,0.0,10,0.4444444444444444,0.0,2.111111111111111,1.3333333333333333,0.7777777777777778,0.0,9,-0.2444444444444444,-0.8777777777777778,-0.33333333333333326,1,0,win,3,2,2
M-2002-46,2002-06-14,Tunisia,Japan,group stage,0.125,0.375,0.625,1.125,-0.5,0.5,8,0.1,0.2,0.5,2.2,-1.7,0.0,10,0.024999999999999994,1.2,-1.5750000000000002,-2,0,lose,0,2,0
M-2002-47,2002-06-14,Poland,United States,group stage,0.3,0.2,0.7,1.7,-1.0,0.3333333333333333,10,0.7,0.1,2.3,0.9,1.4,1.0,10,-0.39999999999999997,-2.4,-0.20000000000000007,0,0,win,3,1,2
M-2002-48,2002-06-14,Portugal,South Korea,group stage,0.6,0.0,2.2,1.4,0.8,0.6666666666666666,10,0.1,0.4,1.0,1.9,-0.9,0.5,10,0.5,1.7000000000000002,0.30000000000000027,0,0,lose,0,1,0
M-2002-50,2002-06-15,England,Denmark,round of 16,0.4,0.2,1.2,1.2,0.0,0.0,10,0.3,0.2,1.4,1.7,-0.3,0.5,10,0.10000000000000003,0.3,-0.5,0,1,win,3,0,2
M-2002-49,2002-06-15,Paraguay,Germany,round of 16,0.2,0.5,1.2,1.4,-0.2,0.0,10,0.5,0.3,2.7,1.2,1.5,0.3333333333333333,10,-0.3,-1.7,0.0,0,1,lose,0,1,0
M-2002-51,2002-06-16,Sweden,Senegal,round of 16,0.5,0.2,1.7,1.2,0.5,0.0,10,0.3333333333333333,0.6666666666666666,1.6666666666666667,1.3333333333333333,0.3333333333333333,0.5,3,0.16666666666666669,0.16666666666666669,0.3666666666666667,7,1,lose,1,2,0
M-2002-52,2002-06-16,Spain,Republic of Ireland,round of 16,0.6,0.2,2.5,1.2,1.3,0.5,10,0.3,0.4,0.8,0.8,0.0,0.3333333333333333,10,0.3,1.3,1.7,0,1,win,1,1,2
M-2002-53,2002-06-17,Mexico,United States,round of 16,0.3,0.3,1.3,2.4,-1.1,0.0,10,0.7,0.1,2.3,1.0,1.3,1.0,10,-0.39999999999999997,-2.4000000000000004,0.30000000000000004,0,1,lose,0,2,0
M-2002-54,2002-06-17,Brazil,Belgium,round of 16,0.7,0.1,2.7,1.5,1.2,0.5,10,0.3,0.5,1.3,1.2,0.1,0.0,10,0.39999999999999997,1.0999999999999999,1.5000000000000002,0,1,win,2,0,2
M-2002-56,2002-06-18,Italy,South Korea,round of 16,0.5,0.2,1.3,0.7,0.6,0.5,10,0.2,0.4,1.0,1.6,-0.6,0.5,10,0.3,1.2,-0.30000000000000004,0,1,lose,1,2,0
M-2002-55,2002-06-18,Japan,Turkey,round of 16,0.2,0.2,0.7,2.0,-1.3,0.0,10,0.3333333333333333,0.16666666666666666,2.5,2.3333333333333335,0.16666666666666666,0.5,6,-0.1333333333333333,-1.4666666666666668,-1.6333333333333335,4,1,lose,0,1,0
M-2002-57,2002-06-21,England,Brazil,quarter-finals,0.5,0.2,1.5,1.0,0.5,0.3333333333333333,10,0.8,0.1,2.9,1.2,1.7,0.75,10,-0.30000000000000004,-1.2,0.30000000000000004,0,1,lose,1,2,0
M-2002-58,2002-06-21,Germany,United States,quarter-finals,0.5,0.3,2.6,1.2,1.4,0.5,10,0.8,0.1,2.5,0.9,1.6,1.0,10,-0.30000000000000004,-0.20000000000000018,1.7000000000000002,0,1,win,1,0,2
M-2002-60,2002-06-22,Turkey,Senegal,quarter-finals,0.42857142857142855,0.14285714285714285,2.2857142857142856,2.0,0.2857142857142857,1.0,7,0.5,0.5,1.75,1.25,0.5,1.0,4,-0.07142857142857145,-0.2142857142857143,1.0357142857142856,3,1,win,1,0,2
M-2002-59,2002-06-22,Spain,South Korea,quarter-finals,0.7,0.1,2.5,1.2,1.3,0.6666666666666666,10,0.3,0.4,1.2,1.6,-0.4,1.0,10,0.39999999999999997,1.7000000000000002,0.8999999999999999,0,1,lose,0,0,0
M-2002-61,2002-06-25,Germany,South Korea,semi-finals,0.5,0.3,2.5,1.1,1.4,0.5,10,0.4,0.3,1.0,1.4,-0.4,1.0,10,0.09999999999999998,1.7999999999999998,1.1,0,1,win,1,0,2
M-2002-62,2002-06-26,Brazil,Turkey,semi-finals,0.8,0.1,2.4,1.2,1.2,0.8,10,0.5,0.125,2.125,1.75,0.375,1.0,8,0.30000000000000004,0.825,0.6499999999999999,2,1,win,1,0,2
M-2002-63,2002-06-29,South Korea,Turkey,third-place match,0.4,0.2,1.0,1.5,-0.5,0.6666666666666666,10,0.4444444444444444,0.1111111111111111,1.8888888888888888,1.6666666666666667,0.2222222222222222,0.6666666666666666,9,-0.0444444444444444,-0.7222222222222222,-0.6666666666666667,1,1,lose,2,3,0
M-2002-64,2002-06-30,Germany,Brazil,final,0.6,0.3,2.6,0.8,1.8,0.75,10,0.8,0.1,2.3,1.2,1.1,0.8333333333333334,10,-0.20000000000000007,0.7,1.4000000000000001,0,1,lose,0,2,0
M-2003-04,2003-09-20,Argentina,Japan,group stage,0.5,0.1,1.4,1.1,0.3,0.3333333333333333,10,0.2,0.2,0.7,1.7,-1.0,0.0,10,0.3,1.3,-0.30000000000000004,0,0,lose,0,6,0
M-2003-03,2003-09-20,Canada,Germany,group stage,0.0,0.2222222222222222,0.8888888888888888,3.3333333333333335,-2.4444444444444446,0.5,9,0.6,0.2,2.5,0.9,1.6,0.6,10,-0.6,-4.044444444444444,-0.011111111111111183,-1,0,lose,1,4,0
M-2003-01,2003-09-20,France,Norway,group stage,0.7,0.1,1.5,0.5,1.0,1.0,10,0.5,0.2,2.1,1.3,0.8,0.25,10,0.19999999999999996,0.19999999999999996,0.19999999999999996,0,0,lose,0,2,0
M-2003-02,2003-09-20,Nigeria,North Korea,group stage,0.3,0.1,1.2,2.2,-1.0,0.0,10,0.2857142857142857,0.14285714285714285,1.2857142857142858,2.142857142857143,-0.8571428571428571,0.0,7,0.01428571428571429,-0.1428571428571429,-0.9428571428571428,3,0,lose,0,3,0
M-2003-07,2003-09-21,Russia,Australia,group stage,0.4,0.0,2.1,1.5,0.6,0.0,10,0.0,0.2222222222222222,0.6666666666666666,2.7777777777777777,-2.111111111111111,0.5,9,0.4,2.7111111111111112,-0.6777777777777776,1,0,win,2,1,2
M-2003-08,2003-09-21,Ghana,China,group stage,0.0,0.3333333333333333,0.3333333333333333,3.3333333333333335,-3.0,0.5,3,0.5,0.0,1.9,1.3,0.6,0.5,10,-0.5,-3.6,-0.9666666666666668,-7,0,lose,0,1,0
M-2003-05,2003-09-21,Sweden,United States,group stage,0.4,0.2,1.5,1.2,0.3,0.0,10,0.7,0.1,2.2,1.0,1.2,0.8,10,-0.29999999999999993,-0.8999999999999999,0.5,0,0,lose,1,3,0
M-2003-06,2003-09-21,Brazil,South Korea,group stage,0.9,0.0,2.2,0.9,1.3,0.8571428571428571,10,0.4,0.2,1.0,1.5,-0.5,0.5,10,0.5,1.8,0.7000000000000002,0,0,win,3,0,2
M-2003-12,2003-09-24,Argentina,Canada,group stage,0.5,0.1,1.4,1.5,-0.1,0.3333333333333333,10,0.0,0.2,0.9,3.4,-2.5,0.5,10,0.5,2.4,-2.0,0,0,lose,0,3,0
M-2003-09,2003-09-24,Norway,Brazil,group stage,0.6,0.1,2.1,1.1,1.0,0.25,10,0.9,0.0,2.1,0.6,1.5,0.8333333333333334,10,-0.30000000000000004,-0.5,1.5,0,0,lose,1,4,0
M-2003-10,2003-09-24,Germany,Japan,group stage,0.6,0.2,2.3,1.0,1.3,0.6,10,0.3,0.2,1.3,1.6,-0.3,0.0,10,0.3,1.6,0.6999999999999997,0,0,win,3,0,2
M-2003-11,2003-09-24,France,South Korea,group stage,0.6,0.1,1.2,0.7,0.5,1.0,10,0.4,0.2,0.9,1.5,-0.6,0.5,10,0.19999999999999996,1.1,-0.30000000000000004,0,0,win,1,0,2
M-2003-16,2003-09-25,United States,Nigeria,group stage,0.7,0.1,1.8,1.0,0.8,0.8,10,0.2,0.1,1.1,2.5,-1.4,0.0,10,0.49999999999999994,2.2,-0.7,0,0,win,5,0,2
M-2003-15,2003-09-25,Australia,China,group stage,0.0,0.2,0.7,2.7,-2.0,0.5,10,0.6,0.0,2.0,1.1,0.9,0.6666666666666666,10,-0.6,-2.9,-0.40000000000000013,0,0,draw,1,1,1
M-2003-13,2003-09-25,Ghana,Russia,group stage,0.0,0.25,0.25,2.75,-2.5,0.5,4,0.5,0.0,2.3,1.4,0.9,0.0,10,-0.5,-3.4,-1.15,-6,0,lose,0,3,0
M-2003-14,2003-09-25,Sweden,North Korea,group stage,0.3,0.2,1.4,1.5,-0.1,0.0,10,0.375,0.125,1.5,1.875,-0.375,0.0,8,-0.07500000000000001,0.275,-0.4750000000000001,2,0,win,1,0,2
M-2003-17,2003-09-27,France,Brazil,group stage,0.6,0.1,0.9,0.7,0.2,1.0,10,1.0,0.0,2.5,0.5,2.0,1.0,10,-0.4,-1.8,0.4,0,0,draw,1,1,1
M-2003-18,2003-09-27,South Korea,Norway,group stage,0.4,0.2,0.9,1.1,-0.2,0.5,10,0.6,0.0,2.1,1.4,0.7,0.25,10,-0.19999999999999996,-0.8999999999999999,-0.4999999999999999,0,0,lose,1,7,0
M-2003-19,2003-09-27,Argentina,Germany,group stage,0.5,0.1,1.2,1.5,-0.3,0.5,10,0.7,0.1,2.3,0.7,1.6,0.6,10,-0.19999999999999996,-1.9000000000000001,0.5,0,0,lose,1,6,0
M-2003-20,2003-09-27,Canada,Japan,group stage,0.1,0.2,1.2,3.3,-2.1,0.5,10,0.3,0.2,1.3,1.8,-0.5,0.0,10,-0.19999999999999998,-1.6,-0.6000000000000001,0,0,win,3,1,2
M-2003-24,2003-09-28,China,Russia,group stage,0.5,0.1,1.9,1.1,0.8,0.6666666666666666,10,0.6,0.0,2.5,1.1,1.4,0.0,10,-0.09999999999999998,-0.5999999999999999,0.7999999999999998,0,0,win,1,0,2
M-2003-23,2003-09-28,Australia,Ghana,group stage,0.0,0.3,0.8,2.6,-1.8,0.5,10,0.0,0.2,0.2,2.8,-2.6,0.5,5,0.0,0.8,-1.9999999999999998,5,0,lose,1,2,0
M-2003-22,2003-09-28,North Korea,United States,group stage,0.3333333333333333,0.1111111111111111,1.3333333333333333,1.7777777777777777,-0.4444444444444444,0.0,9,0.7,0.1,2.0,1.0,1.0,0.8,10,-0.36666666666666664,-1.4444444444444444,0.33333333333333326,-1,0,lose,0,3,0
M-2003-21,2003-09-28,Nigeria,Sweden,group stage,0.2,0.1,1.0,2.7,-1.7,0.0,10,0.4,0.2,1.4,1.4,0.0,0.0,10,-0.2,-1.7,-0.3999999999999999,0,0,lose,0,3,0
M-2003-25,2003-10-01,Brazil,Sweden,quarter-final,0.9,0.1,2.6,0.6,2.0,1.0,10,0.5,0.2,1.6,1.2,0.4,0.0,10,0.4,1.6,1.4000000000000001,0,1,lose,1,2,0
M-2003-26,2003-10-01,United States,Norway,quarter-final,0.7,0.1,2.0,0.8,1.2,0.75,10,0.6,0.0,2.6,1.4,1.2,0.25,10,0.09999999999999998,0.0,0.6000000000000001,0,1,win,1,0,2
M-2003-28,2003-10-02,Canada,China,quarter-final,0.2,0.2,1.5,3.2,-1.7,0.5,10,0.5,0.1,1.3,1.1,0.2,0.6666666666666666,10,-0.3,-1.9,0.3999999999999999,0,1,win,1,0,2
M-2003-27,2003-10-02,Germany,Russia,quarter-final,0.8,0.1,2.7,0.5,2.2,0.75,10,0.5,0.0,1.9,1.1,0.8,0.0,10,0.30000000000000004,1.4000000000000001,1.6,0,1,win,7,1,2
M-2003-29,2003-10-05,United States,Germany,semi-final,0.7,0.1,1.9,0.8,1.1,0.75,10,0.8,0.1,2.6,0.6,2.0,0.8,10,-0.10000000000000009,-0.8999999999999999,1.2999999999999998,0,1,lose,0,3,0
M-2003-30,2003-10-05,Sweden,Canada,semi-final,0.5,0.2,1.5,1.2,0.3,0.3333333333333333,10,0.3,0.2,1.6,3.0,-1.4,1.0,10,0.2,1.7,-1.5,0,1,win,2,1,2
M-2003-31,2003-10-11,United States,Canada,third-place match,0.6,0.1,1.9,1.1,0.8,0.5,10,0.3,0.2,1.5,2.9,-1.4,0.5,10,0.3,2.2,-1.0,0,1,win,3,1,2
M-2003-32,2003-10-12,Germany,Sweden,final,0.9,0.0,2.8,0.5,2.3,0.8333333333333334,10,0.5,0.2,1.5,1.3,0.2,0.5,10,0.4,2.0999999999999996,1.4999999999999998,0,1,win,2,1,2
M-2006-02,2006-06-09,Ecuador,Poland,group stage,0.3333333333333333,0.0,0.6666666666666666,1.3333333333333333,-0.6666666666666666,0.5,3,0.3,0.2,0.7,1.8,-1.1,0.3333333333333333,10,0.033333333333333326,0.43333333333333346,-1.1333333333333333,-7,0,win,2,0,2
M-2006-01,2006-06-09,Germany,Costa Rica,group stage,0.9,0.0,2.8,0.6,2.2,0.8571428571428571,10,0.42857142857142855,0.14285714285714285,1.2857142857142858,1.7142857142857142,-0.42857142857142855,0.0,7,0.4714285714285715,2.6285714285714286,1.0857142857142856,3,0,win,4,2,2
M-2006-03,2006-06-10,England,Paraguay,group stage,0.4,0.2,1.3,1.0,0.3,0.25,10,0.2,0.4,1.1,1.4,-0.3,0.0,10,0.2,0.6,-0.09999999999999987,0,0,win,1,0,2
M-2006-04,2006-06-10,Trinidad and Tobago,Sweden,group stage,0.5,0.2,1.5,1.5,0.0,0.5,0,0.5,0.2,1.5,1.2,0.3,0.5,10,0.0,-0.3,0.30000000000000004,-10,0,draw,0,0,1
M-2006-05,2006-06-10,Argentina,Ivory Coast,group stage,0.4,0.1,1.2,2.1,-0.9,0.5,10,0.5,0.2,1.5,1.5,0.0,0.5,0,-0.09999999999999998,-0.9,-0.30000000000000004,10,0,win,2,1,2
M-2006-06,2006-06-11,Serbia and Montenegro,Netherlands,group stage,0.5,0.2,1.5,1.5,0.0,0.5,0,0.5,0.2,1.9,1.1,0.8,0.5,10,0.0,-0.8,0.3999999999999999,-10,0,lose,0,1,0
M-2006-07,2006-06-11,Mexico,Iran,group stage,0.2,0.3,1.0,2.5,-1.5,0.0,10,0.16666666666666666,0.16666666666666666,0.6666666666666666,2.0,-1.3333333333333333,0.5,6,0.033333333333333354,-0.16666666666666674,-1.0,4,0,win,3,1,2
M-2006-08,2006-06-11,Angola,Portugal,group stage,0.5,0.2,1.5,1.5,0.0,0.5,0,0.5,0.0,1.9,1.5,0.4,0.6666666666666666,10,0.0,-0.4,0.0,-10,0,lose,0,1,0
M-2006-10,2006-06-12,Czech Republic,United States,group stage,0.5,0.2,1.5,1.5,0.0,0.5,0,0.6,0.1,1.9,1.0,0.9,0.6,10,-0.09999999999999998,-0.9,0.5,-10,0,win,3,0,2
M-2006-11,2006-06-12,Ghana,Italy,group stage,0.16666666666666666,0.16666666666666666,0.5,2.5,-2.0,0.5,6,0.4,0.2,1.1,0.9,0.2,0.3333333333333333,10,-0.23333333333333336,-2.2,-0.4,-4,0,lose,0,2,0
M-2006-09,2006-06-12,Japan,Australia,group stage,0.3,0.2,1.3,1.9,-0.6,0.0,10,0.0,0.3,0.9,2.5,-1.6,0.5,10,0.3,1.0,-1.2,0,0,lose,1,3,0
M-2006-12,2006-06-13,South Korea,Togo,group stage,0.4,0.1,0.9,1.7,-0.8,0.5,10,0.5,0.2,1.5,1.5,0.0,0.5,0,-0.09999999999999998,-0.8,-0.6,10,0,win,2,1,2
M-2006-13,2006-06-13,France,Switzerland,group stage,0.5,0.2,0.8,0.7,0.1,1.0,10,0.1,0.1,0.8,2.4,-1.6,0.0,10,0.4,1.7000000000000002,-1.5999999999999999,0,0,draw,0,0,1
M-2006-14,2006-06-13,Brazil,Croatia,group stage,0.8,0.1,2.5,0.7,1.8,0.8,10,0.6,0.0,1.3,0.8,0.5,0.75,10,0.20000000000000007,1.3,1.7,0,0,win,1,0,2
M-2006-15,2006-06-14,Spain,Ukraine,group stage,0.6,0.1,2.2,1.1,1.1,0.5,10,0.5,0.2,1.5,1.5,0.0,0.5,0,0.09999999999999998,1.1,0.7000000000000002,10,0,win,4,0,2
M-2006-16,2006-06-14,Tunisia,Saudi Arabia,group stage,0.1111111111111111,0.3333333333333333,0.5555555555555556,1.2222222222222223,-0.6666666666666666,0.5,9,0.2,0.1,0.7,2.5,-1.8,0.0,10,-0.0888888888888889,1.1333333333333333,-1.9444444444444444,-1,0,draw,2,2,1
M-2006-17,2006-06-14,Germany,Poland,group stage,0.9,0.0,3.1,0.8,2.3,0.8333333333333334,10,0.3,0.1,0.7,2.0,-1.3,0.3333333333333333,10,0.6000000000000001,3.5999999999999996,1.1,0,0,win,1,0,2
M-2006-20,2006-06-15,Paraguay,Sweden,group stage,0.2,0.3,0.9,1.3,-0.4,0.0,10,0.5,0.2,1.4,1.1,0.3,0.5,10,-0.3,-0.7,-0.20000000000000007,0,0,lose,0,1,0
M-2006-19,2006-06-15,England,Trinidad and Tobago,group stage,0.5,0.2,1.4,0.7,0.7,0.3333333333333333,10,0.0,1.0,0.0,0.0,0.0,0.5,1,0.5,0.7,1.4,9,0,win,2,0,2
M-2006-18,2006-06-15,Costa Rica,Ecuador,group stage,0.375,0.125,1.375,2.0,-0.625,0.0,8,0.5,0.0,1.0,1.0,0.0,0.5,4,-0.125,-0.625,0.375,4,0,lose,0,3,0
M-2006-23,2006-06-16,Mexico,Angola,group stage,0.3,0.2,1.1,2.4,-1.3,0.0,10,0.0,0.0,0.0,1.0,-1.0,0.5,1,0.3,-0.30000000000000004,0.10000000000000009,9,0,draw,0,0,1
M-2006-22,2006-06-16,Ivory Coast,Netherlands,group stage,0.0,0.0,1.0,2.0,-1.0,0.5,1,0.5,0.2,1.8,1.0,0.8,0.5,10,-0.5,-1.8,0.0,-9,0,lose,1,2,0
M-2006-21,2006-06-16,Serbia and Montenegro,Argentina,group stage,0.0,0.0,0.0,1.0,-1.0,0.5,1,0.4,0.1,0.9,2.2,-1.3,0.5,10,-0.4,0.30000000000000004,-2.2,-9,0,lose,0,6,0
M-2006-24,2006-06-17,Portugal,Iran,group stage,0.5,0.0,1.7,1.4,0.3,0.6666666666666666,10,0.14285714285714285,0.14285714285714285,0.7142857142857143,2.142857142857143,-1.4285714285714286,0.5,7,0.35714285714285715,1.7285714285714286,-0.44285714285714284,3,0,win,2,0,2
M-2006-25,2006-06-17,Czech Republic,Ghana,group stage,1.0,0.0,3.0,0.0,3.0,0.5,1,0.14285714285714285,0.14285714285714285,0.42857142857142855,2.4285714285714284,-2.0,0.5,7,0.8571428571428572,5.0,0.5714285714285716,-6,0,lose,0,2,0
M-2006-26,2006-06-17,Italy,United States,group stage,0.4,0.2,1.1,0.8,0.3,0.3333333333333333,10,0.6,0.0,1.8,1.2,0.6,0.6,10,-0.19999999999999996,-0.3,-0.09999999999999987,0,0,draw,1,1,1
M-2006-29,2006-06-18,South Korea,France,group stage,0.4,0.1,0.9,1.8,-0.9,0.5,10,0.4,0.3,0.7,0.7,0.0,1.0,10,0.0,-0.9,0.20000000000000007,0,0,draw,1,1,1
M-2006-28,2006-06-18,Australia,Brazil,group stage,0.1,0.2,1.2,2.6,-1.4,0.5,10,0.8,0.1,2.2,0.7,1.5,0.8,10,-0.7000000000000001,-2.9,0.5,0,0,lose,0,2,0
M-2006-27,2006-06-18,Croatia,Japan,group stage,0.5,0.0,1.0,0.8,0.2,0.75,10,0.3,0.1,1.3,2.1,-0.8,0.0,10,0.2,1.0,-1.1,0,0,draw,0,0,1
M-2006-30,2006-06-19,Togo,Switzerland,group stage,0.0,0.0,1.0,2.0,-1.0,0.5,1,0.1,0.2,0.7,2.1,-1.4,0.0,10,-0.1,0.3999999999999999,-1.1,-9,0,lose,0,2,0
M-2006-31,2006-06-19,Saudi Arabia,Ukraine,group stage,0.2,0.2,0.8,2.5,-1.7,0.0,10,0.0,0.0,0.0,4.0,-4.0,0.5,1,0.2,2.3,-3.2,9,0,lose,0,4,0
M-2006-32,2006-06-19,Spain,Tunisia,group stage,0.6,0.1,2.3,1.1,1.2,0.3333333333333333,10,0.1,0.4,0.7,1.3,-0.6,0.5,10,0.5,1.7999999999999998,0.9999999999999998,0,0,win,3,1,2
M-2006-36,2006-06-20,England,Sweden,group stage,0.5,0.2,1.4,0.7,0.7,0.3333333333333333,10,0.5,0.2,1.3,1.0,0.3,0.5,10,0.0,0.39999999999999997,0.3999999999999999,0,0,draw,2,2,1
M-2006-35,2006-06-20,Trinidad and Tobago,Paraguay,group stage,0.0,0.5,0.0,1.0,-1.0,0.5,2,0.2,0.3,0.9,1.1,-0.2,0.0,10,-0.2,-0.8,-1.1,-8,0,lose,0,2,0
M-2006-33,2006-06-20,Poland,Costa Rica,group stage,0.3,0.1,0.7,1.9,-1.2,0.5,10,0.3333333333333333,0.1111111111111111,1.2222222222222223,2.111111111111111,-0.8888888888888888,0.0,9,-0.033333333333333326,-0.3111111111111111,-1.4111111111111112,1,0,win,2,1,2
M-2006-34,2006-06-20,Ecuador,Germany,group stage,0.6,0.0,1.4,0.8,0.6,0.5,5,0.9,0.0,3.1,0.8,2.3,0.8,10,-0.30000000000000004,-1.6999999999999997,0.5999999999999999,-5,0,lose,0,3,0
M-2006-39,2006-06-21,Serbia and Montenegro,Ivory Coast,group stage,0.0,0.0,0.0,3.5,-3.5,0.5,2,0.0,0.0,1.0,2.0,-1.0,0.5,2,0.0,-2.5,-2.0,0,0,lose,2,3,0
M-2006-40,2006-06-21,Argentina,Netherlands,group stage,0.4,0.1,1.4,2.2,-0.8,0.5,10,0.5,0.2,1.8,1.1,0.7,0.4,10,-0.09999999999999998,-1.5,0.2999999999999998,0,0,draw,0,0,1
M-2006-38,2006-06-21,Portugal,Mexico,group stage,0.5,0.0,1.4,1.1,0.3,0.5,10,0.3,0.2,0.9,2.2,-1.3,0.0,10,0.2,1.6,-0.8000000000000003,0,0,win,2,1,2
M-2006-37,2006-06-21,Angola,Iran,group stage,0.0,0.5,0.0,0.5,-0.5,0.5,2,0.125,0.125,0.625,2.125,-1.5,0.5,8,-0.125,1.0,-2.125,-6,0,draw,1,1,1
M-2006-41,2006-06-22,Czech Republic,Italy,group stage,0.5,0.0,1.5,1.0,0.5,0.5,2,0.3,0.3,1.1,0.9,0.2,0.0,10,0.2,0.3,0.6,-8,0,lose,0,2,0
M-2006-42,2006-06-22,Ghana,United States,group stage,0.25,0.125,0.625,2.125,-1.5,0.5,8,0.6,0.1,1.8,1.0,0.8,0.6,10,-0.35,-2.3,-0.375,-2,0,win,2,1,2
M-2006-43,2006-06-22,Croatia,Australia,group stage,0.4,0.1,0.9,0.8,0.1,0.75,10,0.1,0.2,1.2,2.3,-1.1,0.5,10,0.30000000000000004,1.2000000000000002,-1.4,0,0,draw,2,2,1
M-2006-44,2006-06-22,Japan,Brazil,group stage,0.3,0.2,1.3,1.6,-0.3,0.0,10,0.8,0.1,1.9,0.5,1.4,0.8,10,-0.5,-1.7,0.8,0,0,lose,1,4,0
M-2006-48,2006-06-23,Togo,France,group stage,0.0,0.0,0.5,2.0,-1.5,0.5,2,0.3,0.4,0.8,0.8,0.0,1.0,10,-0.3,-1.5,-0.30000000000000004,-8,0,lose,0,2,0
M-2006-47,2006-06-23,South Korea,Switzerland,group stage,0.4,0.1,0.9,1.8,-0.9,0.5,10,0.2,0.2,0.8,1.9,-1.1,0.0,10,0.2,0.20000000000000007,-0.9999999999999999,0,0,lose,0,2,0
M-2006-46,2006-06-23,Ukraine,Tunisia,group stage,0.5,0.0,2.0,2.0,0.0,0.5,2,0.0,0.4,0.5,1.5,-1.0,0.5,10,0.5,1.0,0.5,-8,0,win,1,0,2
M-2006-45,2006-06-23,Spain,Saudi Arabia,group stage,0.7,0.1,2.5,1.0,1.5,0.5,10,0.1,0.2,0.6,2.8,-2.2,0.0,10,0.6,3.7,-0.2999999999999998,0,0,win,1,0,2
M-2006-49,2006-06-24,Germany,Sweden,round of 16,0.9,0.0,3.3,0.8,2.5,0.75,10,0.5,0.2,1.4,1.1,0.3,0.5,10,0.4,2.2,2.1999999999999997,0,1,win,2,0,2
M-2006-50,2006-06-24,Argentina,Mexico,round of 16,0.3,0.2,1.2,2.0,-0.8,0.0,10,0.3,0.2,0.9,2.2,-1.3,0.0,10,0.0,0.5,-1.0000000000000002,0,1,win,2,1,2
M-2006-51,2006-06-25,England,Ecuador,round of 16,0.5,0.3,1.5,0.7,0.8,0.3333333333333333,10,0.5,0.0,1.1666666666666667,1.1666666666666667,0.0,0.5,6,0.0,0.8,0.33333333333333326,4,1,win,1,0,2
M-2006-52,2006-06-25,Portugal,Netherlands,round of 16,0.6,0.0,1.5,1.0,0.5,1.0,10,0.5,0.3,1.6,0.8,0.8,0.5,10,0.09999999999999998,-0.30000000000000004,0.7,0,1,win,1,0,2
M-2006-54,2006-06-26,Switzerland,Ukraine,round of 16,0.3,0.2,1.0,1.6,-0.6,0.0,10,0.6666666666666666,0.0,1.6666666666666667,1.3333333333333333,0.3333333333333333,0.5,3,-0.36666666666666664,-0.9333333333333333,-0.33333333333333326,7,1,lose,0,0,0
M-2006-53,2006-06-26,Italy,Australia,round of 16,0.4,0.3,1.3,0.9,0.4,0.0,10,0.1,0.3,1.2,2.1,-0.9,0.5,10,0.30000000000000004,1.3,-0.8,0,1,win,1,0,2
M-2006-56,2006-06-27,Spain,France,round of 16,0.8,0.1,2.4,0.7,1.7,0.5,10,0.3,0.4,0.8,0.7,0.1,1.0,10,0.5,1.5999999999999999,1.7,0,1,lose,1,3,0
M-2006-55,2006-06-27,Brazil,Ghana,round of 16,0.8,0.1,2.1,0.6,1.5,0.75,10,0.3333333333333333,0.1111111111111111,0.7777777777777778,2.0,-1.2222222222222223,0.5,9,0.46666666666666673,2.7222222222222223,0.10000000000000009,1,1,win,3,0,2
M-2006-58,2006-06-30,Italy,Ukraine,quarter-finals,0.5,0.2,1.3,0.8,0.5,0.5,10,0.75,0.0,1.25,1.0,0.25,1.0,4,-0.25,0.25,0.30000000000000004,6,1,win,3,0,2
M-2006-57,2006-06-30,Germany,Argentina,quarter-finals,1.0,0.0,3.5,0.6,2.9,1.0,10,0.4,0.2,1.3,1.9,-0.6,1.0,10,0.6,3.5,1.6,0,1,win,1,1,2
M-2006-59,2006-07-01,England,Portugal,quarter-finals,0.5,0.3,1.4,0.7,0.7,0.5,10,0.6,0.0,1.4,0.9,0.5,1.0,10,-0.09999999999999998,0.19999999999999996,0.4999999999999999,0,1,lose,0,0,0
M-2006-60,2006-07-01,Brazil,France,quarter-finals,0.8,0.1,2.2,0.5,1.7,0.75,10,0.3,0.4,0.8,0.8,0.0,1.0,10,0.5,1.7,1.4000000000000001,0,1,lose,0,1,0
M-2006-61,2006-07-04,Germany,Italy,semi-finals,1.0,0.0,3.2,0.6,2.6,1.0,10,0.6,0.2,1.6,0.6,1.0,0.6666666666666666,10,0.4,1.6,2.6,0,1,lose,0,2,0
M-2006-62,2006-07-05,France,Portugal,semi-finals,0.4,0.4,0.9,0.7,0.2,1.0,10,0.6,0.0,1.3,0.9,0.4,1.0,10,-0.19999999999999996,-0.2,0.0,0,1,win,1,0,2
M-2006-63,2006-07-08,Germany,Portugal,third-place match,0.9,0.0,2.9,0.8,2.1,0.8333333333333334,10,0.6,0.0,1.3,0.9,0.4,0.6666666666666666,10,0.30000000000000004,1.7000000000000002,2.0,0,1,win,3,1,2
M-2006-64,2006-07-09,Italy,France,final,0.6,0.2,1.6,0.6,1.0,0.75,10,0.5,0.3,1.0,0.7,0.3,1.0,10,0.09999999999999998,0.7,0.9000000000000001,0,1,win,1,1,2
M-2007-01,2007-09-10,Germany,Argentina,group stage,0.9,0.0,2.6,0.8,1.8,0.8571428571428571,10,0.3,0.2,1.3,2.0,-0.7,0.5,10,0.6000000000000001,2.5,0.6000000000000001,0,0,win,11,0,2
M-2007-04,2007-09-11,Sweden,Nigeria,group stage,0.5,0.2,1.3,1.1,0.2,0.5,10,0.2,0.1,0.9,2.6,-1.7,0.0,10,0.3,1.9,-1.3,0,0,draw,1,1,1
M-2007-03,2007-09-11,England,Japan,group stage,0.5,0.3,1.2,0.5,0.7,0.5,10,0.3,0.2,1.4,1.6,-0.2,0.0,10,0.2,0.8999999999999999,-0.40000000000000013,0,0,draw,2,2,1
M-2007-02,2007-09-11,North Korea,United States,group stage,0.3,0.1,1.2,1.9,-0.7,0.0,10,0.5,0.1,1.7,1.2,0.5,0.5,10,-0.2,-1.2,0.0,0,0,draw,2,2,1
M-2007-05,2007-09-12,Ghana,Australia,group stage,0.3,0.1,0.7,2.1,-1.4,0.0,10,0.1,0.3,1.1,1.8,-0.7,0.0,10,0.19999999999999998,-0.7,-1.1,0,0,lose,1,4,0
M-2007-06,2007-09-12,New Zealand,Brazil,group stage,0.0,0.0,0.5,3.8333333333333335,-3.3333333333333335,0.5,6,0.7,0.1,2.1,0.6,1.5,0.5,10,-0.7,-4.833333333333334,-0.09999999999999998,-4,0,lose,0,5,0
M-2007-07,2007-09-12,Norway,Canada,group stage,0.6,0.0,2.6,1.4,1.2,0.25,10,0.3,0.1,1.3,2.9,-1.6,0.3333333333333333,10,0.3,2.8,-0.2999999999999998,0,0,win,2,1,2
M-2007-08,2007-09-12,China,Denmark,group stage,0.4,0.1,1.0,1.1,-0.1,0.5,10,0.3,0.1,1.3,1.9,-0.6,0.3333333333333333,10,0.10000000000000003,0.5,-0.8999999999999999,0,0,win,3,2,2
M-2007-12,2007-09-14,Nigeria,North Korea,group stage,0.1,0.2,0.8,2.6,-1.8,0.0,10,0.3,0.2,1.4,1.8,-0.4,0.0,10,-0.19999999999999998,-1.4,-1.0,0,0,lose,0,2,0
M-2007-11,2007-09-14,Germany,England,group stage,0.9,0.0,3.0,0.7,2.3,0.8333333333333334,10,0.5,0.3,1.3,0.6,0.7,0.5,10,0.4,1.5999999999999999,2.4,0,0,draw,0,0,1
M-2007-09,2007-09-14,Argentina,Japan,group stage,0.3,0.2,1.3,3.0,-1.7,0.5,10,0.3,0.2,1.4,1.6,-0.2,0.0,10,0.0,-1.5,-0.30000000000000004,0,0,lose,0,1,0
M-2007-10,2007-09-14,Sweden,United States,group stage,0.5,0.3,1.3,0.9,0.4,0.5,10,0.5,0.2,1.9,1.3,0.6,0.6666666666666666,10,0.0,-0.19999999999999996,0.0,0,0,lose,0,2,0
M-2007-15,2007-09-15,Norway,Australia,group stage,0.6,0.0,2.6,1.4,1.2,0.25,10,0.2,0.2,1.4,1.8,-0.4,0.0,10,0.39999999999999997,1.6,0.8,0,0,draw,1,1,1
M-2007-16,2007-09-15,Brazil,China,group stage,0.7,0.1,2.4,0.6,1.8,0.3333333333333333,10,0.4,0.1,1.1,1.3,-0.2,0.3333333333333333,10,0.29999999999999993,2.0,1.0999999999999999,0,0,win,4,0,2
M-2007-13,2007-09-15,Ghana,Canada,group stage,0.3,0.0,0.7,2.4,-1.7,0.0,10,0.3,0.1,1.4,2.4,-1.0,0.3333333333333333,10,0.0,-0.7,-1.7,0,0,lose,0,4,0
M-2007-14,2007-09-15,Denmark,New Zealand,group stage,0.3,0.1,1.4,2.0,-0.6,0.3333333333333333,10,0.0,0.0,0.42857142857142855,4.0,-3.5714285714285716,0.5,7,0.3,2.9714285714285715,-2.6,3,0,win,2,0,2
M-2007-17,2007-09-17,England,Argentina,group stage,0.4,0.4,1.2,0.6,0.6,0.5,10,0.3,0.1,1.2,3.0,-1.8,0.5,10,0.10000000000000003,2.4,-1.8,0,0,win,6,1,2
M-2007-18,2007-09-17,Germany,Japan,group stage,0.8,0.1,2.7,0.7,2.0,0.8,10,0.3,0.2,1.4,1.6,-0.2,0.0,10,0.5,2.2,1.1,0,0,win,2,0,2
M-2007-19,2007-09-18,Nigeria,United States,group stage,0.1,0.2,0.7,2.1,-1.4,0.0,10,0.5,0.2,1.8,1.2,0.6,0.6666666666666666,10,-0.4,-2.0,-0.5,0,0,lose,0,1,0
M-2007-20,2007-09-18,North Korea,Sweden,group stage,0.4,0.1,1.5,1.7,-0.2,0.0,10,0.4,0.3,1.2,1.1,0.1,0.5,10,0.0,-0.30000000000000004,0.3999999999999999,0,0,lose,1,2,0
M-2007-24,2007-09-20,China,New Zealand,group stage,0.3,0.1,0.6,1.7,-1.1,0.0,10,0.0,0.0,0.375,3.75,-3.375,0.5,8,0.3,2.275,-3.15,2,0,win,2,0,2
M-2007-23,2007-09-20,Denmark,Brazil,group stage,0.3,0.1,1.2,1.9,-0.7,0.0,10,0.7,0.1,2.5,0.6,1.9,0.3333333333333333,10,-0.39999999999999997,-2.5999999999999996,0.6,0,0,lose,0,1,0
M-2007-22,2007-09-20,Norway,Ghana,group stage,0.5,0.1,2.0,1.4,0.6,0.25,10,0.3,0.0,0.7,2.1,-1.4,0.0,10,0.2,2.0,-0.10000000000000009,0,0,win,7,2,2
M-2007-21,2007-09-20,Canada,Australia,group stage,0.4,0.0,1.7,2.3,-0.6,0.3333333333333333,10,0.2,0.3,1.4,1.6,-0.2,0.0,10,0.2,-0.39999999999999997,0.09999999999999987,0,0,draw,2,2,1
M-2007-25,2007-09-22,Germany,North Korea,quarter-final,0.8,0.1,2.7,0.6,2.1,0.75,10,0.3,0.1,1.5,1.9,-0.4,0.0,10,0.5,2.5,0.8000000000000003,0,1,win,3,0,2
M-2007-26,2007-09-22,United States,England,quarter-final,0.5,0.2,1.4,1.2,0.2,0.6666666666666666,10,0.5,0.3,1.8,0.7,1.1,0.5,10,0.0,-0.9000000000000001,0.7,0,1,win,3,0,2
M-2007-28,2007-09-23,Australia,Brazil,quarter-final,0.2,0.4,1.5,1.5,0.0,0.0,10,0.7,0.1,2.2,0.5,1.7,0.3333333333333333,10,-0.49999999999999994,-1.7,1.0,0,1,lose,2,3,0
M-2007-27,2007-09-23,Norway,China,quarter-final,0.5,0.1,2.3,1.6,0.7,0.25,10,0.4,0.1,0.8,1.7,-0.9,0.0,10,0.09999999999999998,1.6,0.5999999999999999,0,1,win,1,0,2
M-2007-29,2007-09-26,Germany,Norway,semi-final,0.8,0.1,2.6,0.4,2.2,0.8,10,0.5,0.1,2.1,1.5,0.6,0.25,10,0.30000000000000004,1.6,1.1,0,1,win,3,0,2
M-2007-30,2007-09-27,United States,Brazil,semi-final,0.5,0.2,1.4,1.2,0.2,0.75,10,0.8,0.0,2.4,0.6,1.8,0.5,10,-0.30000000000000004,-1.6,0.7999999999999999,0,1,lose,0,4,0
M-2007-31,2007-09-30,Norway,United States,third-place match,0.5,0.1,2.1,1.3,0.8,0.25,10,0.4,0.2,1.3,1.6,-0.3,0.5,10,0.09999999999999998,1.1,0.5,0,1,lose,1,4,0
M-2007-32,2007-09-30,Germany,Brazil,final,0.8,0.1,2.8,0.4,2.4,0.8333333333333334,10,0.9,0.0,2.7,0.4,2.3,0.75,10,-0.09999999999999998,0.10000000000000009,2.4,0,1,win,2,0,2
M-2010-02,2010-06-11,France,Uruguay,group stage,0.5,0.3,1.1,0.6,0.5,0.75,10,0.1,0.4,0.7,1.7,-1.0,0.0,10,0.4,1.5,-0.5999999999999999,0,0,draw,0,0,1
M-2010-01,2010-06-11,South Africa,Mexico,group stage,0.16666666666666666,0.5,1.3333333333333333,1.8333333333333333,-0.5,0.5,6,0.3,0.2,0.9,1.7,-0.8,0.0,10,-0.13333333333333333,0.30000000000000004,-0.3666666666666667,-4,0,draw,1,1,1
M-2010-03,2010-06-12,South Korea,Greece,group stage,0.3,0.1,0.8,2.0,-1.2,0.5,10,0.0,0.0,0.0,3.3333333333333335,-3.3333333333333335,0.5,3,0.3,2.1333333333333337,-2.533333333333333,7,0,win,2,0,2
M-2010-04,2010-06-12,Argentina,Nigeria,group stage,0.3,0.1,1.3,3.0,-1.7,0.5,10,0.0,0.2,0.5,2.2,-1.7,0.0,10,0.3,0.0,-0.9000000000000001,0,0,win,1,0,2
M-2010-05,2010-06-12,England,United States,group stage,0.4,0.3,1.5,1.0,0.5,0.25,10,0.5,0.2,1.7,1.4,0.3,0.75,10,-0.09999999999999998,0.2,0.10000000000000009,0,0,draw,1,1,1
M-2010-06,2010-06-13,Algeria,Slovenia,group stage,0.3333333333333333,0.16666666666666666,1.0,1.6666666666666667,-0.6666666666666666,0.5,6,0.0,0.0,0.6666666666666666,2.3333333333333335,-1.6666666666666667,0.5,3,0.3333333333333333,1.0,-1.3333333333333335,3,0,lose,0,1,0
M-2010-07,2010-06-13,Serbia,Ghana,group stage,0.5,0.2,1.5,1.5,0.0,0.5,0,0.3,0.0,0.9,2.6,-1.7,0.0,10,0.2,1.7,-1.1,-10,0,lose,0,1,0
M-2010-08,2010-06-13,Germany,Australia,group stage,0.8,0.1,2.7,0.4,2.3,0.8571428571428571,10,0.2,0.4,1.6,1.6,0.0,0.0,10,0.6000000000000001,2.3,1.1,0,0,win,4,0,2
M-2010-11,2010-06-14,Paraguay,Italy,group stage,0.3,0.2,1.1,1.1,0.0,0.0,10,0.6,0.2,1.5,0.7,0.8,0.8,10,-0.3,-0.8,0.40000000000000013,0,0,draw,1,1,1
M-2010-10,2010-06-14,Cameroon,Japan,group stage,0.1,0.4,0.9,2.2,-1.3,0.0,10,0.2,0.2,1.2,1.8,-0.6,0.0,10,-0.1,-0.7000000000000001,-0.9,0,0,lose,0,1,0
M-2010-09,2010-06-14,Denmark,Netherlands,group stage,0.3,0.1,1.0,1.7,-0.7,0.0,10,0.5,0.2,1.6,0.9,0.7,0.4,10,-0.2,-1.4,0.09999999999999998,0,0,lose,0,2,0
M-2010-14,2010-06-15,North Korea,Brazil,group stage,0.3,0.1,1.2,1.7,-0.5,0.0,10,0.8,0.0,2.6,0.6,2.0,0.6,10,-0.5,-2.5,0.6,0,0,lose,1,2,0
M-2010-12,2010-06-15,New Zealand,Slovakia,group stage,0.0,0.0,0.3333333333333333,3.5555555555555554,-3.2222222222222223,0.5,9,0.5,0.2,1.5,1.5,0.0,0.5,0,-0.5,-3.2222222222222223,-1.1666666666666667,9,0,draw,1,1,1
M-2010-13,2010-06-15,Ivory Coast,Portugal,group stage,0.3333333333333333,0.0,1.6666666666666667,2.0,-0.3333333333333333,0.5,3,0.6,0.0,1.3,0.9,0.4,0.5,10,-0.26666666666666666,-0.7333333333333334,0.7666666666666667,-7,0,draw,0,0,1
M-2010-15,2010-06-16,Honduras,Chile,group stage,0.0,0.6666666666666666,0.6666666666666666,1.0,-0.3333333333333333,0.5,3,0.0,0.5,0.9,1.8,-0.9,0.0,10,0.0,0.5666666666666667,-1.1333333333333333,-7,0,lose,0,1,0
M-2010-16,2010-06-16,Spain,Switzerland,group stage,0.8,0.0,2.5,1.0,1.5,0.3333333333333333,10,0.3,0.2,1.0,1.1,-0.1,0.0,10,0.5,1.6,1.4,0,0,lose,0,1,0
M-2010-17,2010-06-16,South Africa,Uruguay,group stage,0.14285714285714285,0.5714285714285714,1.2857142857142858,1.7142857142857142,-0.42857142857142855,0.5,7,0.1,0.5,0.6,1.1,-0.5,0.0,10,0.042857142857142844,0.07142857142857145,0.18571428571428572,-3,0,lose,0,3,0
M-2010-20,2010-06-17,Mexico,France,group stage,0.3,0.3,1.0,1.2,-0.2,0.0,10,0.5,0.4,1.1,0.4,0.7,0.75,10,-0.2,-0.8999999999999999,0.6,0,0,win,2,0,2
M-2010-19,2010-06-17,Nigeria,Greece,group stage,0.0,0.2,0.2,1.9,-1.7,0.5,10,0.0,0.0,0.0,3.0,-3.0,0.5,4,0.0,1.3,-2.8,6,0,lose,1,2,0
M-2010-18,2010-06-17,South Korea,Argentina,group stage,0.3,0.1,0.8,1.9,-1.1,0.3333333333333333,10,0.4,0.1,1.4,2.7,-1.3,0.5,10,-0.10000000000000003,0.19999999999999996,-1.9000000000000001,0,0,lose,1,4,0
M-2010-23,2010-06-18,England,Algeria,group stage,0.4,0.4,1.5,0.9,0.6,0.3333333333333333,10,0.2857142857142857,0.14285714285714285,0.8571428571428571,1.5714285714285714,-0.7142857142857143,0.5,7,0.11428571428571432,1.3142857142857143,-0.0714285714285714,3,0,draw,0,0,1
M-2010-22,2010-06-18,United States,Slovenia,group stage,0.4,0.3,1.5,1.4,0.1,0.6666666666666666,10,0.25,0.0,0.75,1.75,-1.0,0.5,4,0.15000000000000002,1.1,-0.25,6,0,draw,2,2,1
M-2010-21,2010-06-18,Serbia,Germany,group stage,0.0,0.0,0.0,1.0,-1.0,0.5,1,0.8,0.1,2.9,0.4,2.5,0.8333333333333334,10,-0.8,-3.5,-0.4,-9,0,win,1,0,2
M-2010-24,2010-06-19,Netherlands,Japan,group stage,0.5,0.2,1.3,0.9,0.4,0.4,10,0.3,0.2,1.3,1.7,-0.4,0.5,10,0.2,0.8,-0.3999999999999999,0,0,win,1,0,2
M-2010-25,2010-06-19,Ghana,Australia,group stage,0.4,0.0,1.0,2.5,-1.5,0.0,10,0.2,0.3,1.5,1.9,-0.4,0.0,10,0.2,-1.1,-0.8999999999999999,0,0,draw,1,1,1
M-2010-26,2010-06-19,Cameroon,Denmark,group stage,0.1,0.4,0.7,2.0,-1.3,0.5,10,0.3,0.1,1.0,1.6,-0.6,0.0,10,-0.19999999999999998,-0.7000000000000001,-0.9000000000000001,0,0,lose,1,2,0
M-2010-28,2010-06-20,New Zealand,Italy,group stage,0.0,0.1,0.4,3.3,-2.9,0.5,10,0.6,0.3,1.5,0.6,0.9,0.8,10,-0.6,-3.8,-0.19999999999999996,0,0,draw,1,1,1
M-2010-29,2010-06-20,Ivory Coast,Brazil,group stage,0.25,0.25,1.25,1.5,-0.25,0.5,4,0.8,0.0,2.6,0.7,1.9,0.6,10,-0.55,-2.15,0.55,-6,0,lose,1,3,0
M-2010-27,2010-06-20,Slovakia,Paraguay,group stage,0.0,1.0,1.0,1.0,0.0,0.5,1,0.3,0.2,1.2,1.2,0.0,0.0,10,-0.3,0.0,-0.19999999999999996,-9,0,lose,0,2,0
M-2010-30,2010-06-21,Portugal,North Korea,group stage,0.6,0.1,1.1,0.6,0.5,0.5,10,0.3,0.1,1.2,1.7,-0.5,0.0,10,0.3,1.0,-0.5999999999999999,0,0,win,7,0,2
M-2010-31,2010-06-21,Chile,Switzerland,group stage,0.1,0.5,1.0,1.7,-0.7,0.0,10,0.4,0.2,1.0,0.9,0.1,0.0,10,-0.30000000000000004,-0.7999999999999999,0.09999999999999998,0,0,win,1,0,2
M-2010-32,2010-06-21,Spain,Honduras,group stage,0.7,0.0,1.9,1.0,0.9,0.3333333333333333,10,0.0,0.5,0.5,1.0,-0.5,0.5,4,0.7,1.4,0.8999999999999999,6,0,win,2,0,2
M-2010-35,2010-06-22,Greece,Argentina,group stage,0.2,0.0,0.4,2.6,-2.2,0.5,5,0.5,0.1,1.7,2.2,-0.5,0.5,10,-0.3,-1.7000000000000002,-1.8000000000000003,-5,0,lose,0,2,0
M-2010-34,2010-06-22,Uruguay,Mexico,group stage,0.2,0.4,0.9,1.1,-0.2,0.0,10,0.4,0.3,1.2,1.0,0.2,0.0,10,-0.2,-0.4,-0.09999999999999998,0,0,win,1,0,2
M-2010-36,2010-06-22,Nigeria,South Korea,group stage,0.0,0.2,0.3,2.0,-1.7,0.5,10,0.2,0.1,0.9,2.3,-1.4,0.0,10,-0.2,-0.30000000000000004,-1.9999999999999998,0,0,draw,2,2,1
M-2010-33,2010-06-22,South Africa,France,group stage,0.125,0.5,1.125,1.875,-0.75,0.5,8,0.4,0.4,1.0,0.6,0.4,0.75,10,-0.275,-1.15,0.525,-2,0,win,2,1,2
M-2010-40,2010-06-23,Germany,Ghana,group stage,0.7,0.1,2.8,0.4,2.4,0.8,10,0.4,0.1,1.1,2.3,-1.2,0.0,10,0.29999999999999993,3.5999999999999996,0.5,0,0,win,1,0,2
M-2010-39,2010-06-23,Australia,Serbia,group stage,0.2,0.4,1.5,1.8,-0.3,0.0,10,0.5,0.0,0.5,0.5,0.0,0.5,2,-0.3,-0.3,1.0,8,0,win,2,1,2
M-2010-38,2010-06-23,United States,Algeria,group stage,0.4,0.4,1.7,1.3,0.4,0.6666666666666666,10,0.25,0.25,0.75,1.375,-0.625,0.5,8,0.15000000000000002,1.025,0.32499999999999996,2,0,win,1,0,2
M-2010-37,2010-06-23,Slovenia,England,group stage,0.2,0.2,1.0,1.8,-0.8,0.5,5,0.3,0.5,1.4,0.9,0.5,0.3333333333333333,10,-0.09999999999999998,-1.3,0.09999999999999998,-5,0,lose,0,1,0
M-2010-41,2010-06-24,Paraguay,New Zealand,group stage,0.3,0.2,1.1,1.1,0.0,0.0,10,0.0,0.2,0.3,2.9,-2.6,0.5,10,0.3,2.6,-1.7999999999999998,0,0,draw,0,0,1
M-2010-42,2010-06-24,Slovakia,Italy,group stage,0.0,0.5,0.5,1.5,-1.0,0.5,2,0.6,0.3,1.5,0.6,0.9,0.8,10,-0.6,-1.9,-0.09999999999999998,-8,0,win,3,2,2
M-2010-43,2010-06-24,Cameroon,Netherlands,group stage,0.1,0.3,0.6,2.0,-1.4,0.5,10,0.6,0.1,1.2,0.7,0.5,0.4,10,-0.5,-1.9,-0.09999999999999998,0,0,lose,1,2,0
M-2010-44,2010-06-24,Denmark,Japan,group stage,0.4,0.1,1.1,1.4,-0.3,0.0,10,0.2,0.2,0.7,1.8,-1.1,0.5,10,0.2,0.8,-0.7,0,0,lose,1,3,0
M-2010-48,2010-06-25,Honduras,Switzerland,group stage,0.0,0.4,0.4,1.2,-0.8,0.5,5,0.4,0.2,1.0,0.8,0.2,0.0,10,-0.4,-1.0,-0.4,-5,0,draw,0,0,1
M-2010-47,2010-06-25,Spain,Chile,group stage,0.7,0.0,1.8,0.9,0.9,0.3333333333333333,10,0.2,0.4,1.0,1.6,-0.6,0.0,10,0.49999999999999994,1.5,0.19999999999999996,0,0,win,2,1,2
M-2010-46,2010-06-25,Portugal,Brazil,group stage,0.6,0.1,1.4,0.6,0.8,0.5,10,0.8,0.0,2.5,0.7,1.8,0.6,10,-0.20000000000000007,-1.0,0.7,0,0,draw,0,0,1
M-2010-45,2010-06-25,Ivory Coast,North Korea,group stage,0.2,0.2,1.2,1.8,-0.6,0.5,5,0.2,0.1,0.9,2.3,-1.4,0.0,10,0.0,0.7999999999999999,-1.0999999999999999,-5,0,win,3,0,2
M-2010-49,2010-06-26,Uruguay,South Korea,round of 16,0.3,0.4,1.0,1.0,0.0,0.0,10,0.2,0.2,1.1,2.4,-1.3,0.0,10,0.09999999999999998,1.3,-1.4,0,1,win,2,1,2
M-2010-50,2010-06-26,United States,Ghana,round of 16,0.5,0.3,1.7,1.2,0.5,0.6666666666666666,10,0.3,0.1,0.9,2.3,-1.4,0.0,10,0.2,1.9,-0.5999999999999999,0,1,lose,1,2,0
M-2010-52,2010-06-27,Mexico,Argentina,round of 16,0.3,0.3,1.1,1.1,0.0,0.0,10,0.5,0.1,1.7,2.1,-0.4,0.5,10,-0.2,0.4,-1.0,0,1,lose,1,3,0
M-2010-51,2010-06-27,Germany,England,round of 16,0.8,0.1,2.9,0.2,2.7,1.0,10,0.3,0.5,1.3,0.9,0.4,0.3333333333333333,10,0.5,2.3000000000000003,2.0,0,1,win,4,1,2
M-2010-53,2010-06-28,Netherlands,Slovakia,round of 16,0.6,0.1,1.2,0.7,0.5,0.25,10,0.3333333333333333,0.3333333333333333,1.3333333333333333,1.6666666666666667,-0.3333333333333333,0.5,3,0.26666666666666666,0.8333333333333333,-0.4666666666666668,7,1,win,2,1,2
M-2010-54,2010-06-28,Brazil,Chile,round of 16,0.7,0.1,2.2,0.7,1.5,0.5,10,0.2,0.3,1.1,1.8,-0.7,0.0,10,0.49999999999999994,2.2,0.40000000000000013,0,1,win,3,0,2
M-2010-56,2010-06-29,Portugal,Spain,round of 16,0.6,0.2,1.4,0.5,0.9,0.5,10,0.7,0.0,1.7,0.9,0.8,0.3333333333333333,10,-0.09999999999999998,0.09999999999999998,0.4999999999999999,0,1,lose,0,1,0
M-2010-55,2010-06-29,Paraguay,Japan,round of 16,0.3,0.3,1.1,1.0,0.1,0.0,10,0.3,0.2,1.0,1.6,-0.6,0.5,10,0.0,0.7,-0.5,0,1,win,0,0,2
M-2010-58,2010-07-02,Ghana,Uruguay,quarter-finals,0.4,0.1,1.1,2.2,-1.1,0.5,10,0.4,0.3,1.2,1.1,0.1,0.5,10,0.0,-1.2000000000000002,0.0,0,1,lose,1,1,0
M-2010-57,2010-07-02,Netherlands,Brazil,quarter-finals,0.6,0.1,1.2,0.7,0.5,0.25,10,0.8,0.1,2.5,0.6,1.9,0.75,10,-0.20000000000000007,-1.4,0.6,0,1,win,2,1,2
M-2010-59,2010-07-03,Argentina,Germany,quarter-finals,0.5,0.1,1.4,2.2,-0.8,0.6666666666666666,10,0.8,0.1,3.0,0.2,2.8,1.0,10,-0.30000000000000004,-3.5999999999999996,1.2,0,1,lose,0,4,0
M-2010-60,2010-07-03,Paraguay,Spain,quarter-finals,0.4,0.2,0.9,0.8,0.1,0.5,10,0.7,0.0,1.5,0.7,0.8,0.5,10,-0.29999999999999993,-0.7000000000000001,0.20000000000000007,0,1,lose,0,1,0
M-2010-61,2010-07-06,Uruguay,Netherlands,semi-finals,0.5,0.3,1.2,0.9,0.3,0.6666666666666666,10,0.7,0.1,1.3,0.7,0.6,0.5,10,-0.19999999999999996,-0.3,0.5,0,1,lose,2,3,0
M-2010-62,2010-07-07,Spain,Germany,semi-finals,0.7,0.0,1.5,0.6,0.9,0.5,10,0.8,0.1,2.3,0.2,2.1,1.0,10,-0.10000000000000009,-1.2000000000000002,1.3,0,1,win,1,0,2
M-2010-63,2010-07-10,Germany,Uruguay,third-place match,0.8,0.0,2.3,0.3,2.0,0.8333333333333334,10,0.4,0.3,1.3,1.2,0.1,0.5,10,0.4,1.9,1.0999999999999999,0,1,win,3,2,2
M-2010-64,2010-07-11,Netherlands,Spain,final,0.8,0.1,1.5,0.7,0.8,0.75,10,0.8,0.0,1.6,0.6,1.0,0.75,10,0.0,-0.19999999999999996,0.9,0,1,lose,0,1,0
M-2011-01,2011-06-26,Nigeria,France,group stage,0.0,0.3,0.4,2.0,-1.6,0.5,10,0.4,0.3,1.0,0.7,0.3,0.75,10,-0.4,-1.9000000000000001,-0.29999999999999993,0,0,lose,0,1,0
M-2011-02,2011-06-26,Germany,Canada,group stage,0.8,0.0,2.4,0.5,1.9,0.8571428571428571,10,0.4,0.1,1.8,1.8,0.0,0.3333333333333333,10,0.4,1.9,0.5999999999999999,0,0,win,2,1,2
M-2011-04,2011-06-27,Mexico,England,group stage,0.2,0.3,1.0,1.3,-0.3,0.0,10,0.3,0.4,1.2,1.1,0.1,0.25,10,-0.09999999999999998,-0.4,-0.10000000000000009,0,0,draw,1,1,1
M-2011-03,2011-06-27,New Zealand,Japan,group stage,0.0,0.3,0.3,2.6,-2.3,0.5,10,0.3,0.2,0.9,1.3,-0.4,0.0,10,-0.3,-1.9,-1.0,0,0,lose,1,2,0
M-2011-05,2011-06-28,Colombia,Sweden,group stage,0.3,0.1,0.9,1.2,-0.3,0.0,10,0.4,0.3,1.1,1.2,-0.1,0.5,10,-0.10000000000000003,-0.19999999999999998,-0.29999999999999993,0,0,lose,0,1,0
M-2011-06,2011-06-28,United States,North Korea,group stage,0.5,0.3,1.7,1.2,0.5,0.5,10,0.2,0.1,0.9,2.3,-1.4,0.0,10,0.3,1.9,-0.5999999999999999,0,0,win,2,0,2
M-2011-08,2011-06-29,Australia,Brazil,group stage,0.2,0.4,1.4,1.8,-0.4,0.0,10,0.7,0.1,2.1,0.8,1.3,0.6,10,-0.49999999999999994,-1.7000000000000002,0.5999999999999999,0,0,lose,0,1,0
M-2011-07,2011-06-29,Norway,Equatorial Guinea,group stage,0.5,0.1,2.2,1.7,0.5,0.25,10,0.5,0.2,1.5,1.5,0.0,0.5,0,0.0,0.5,0.7000000000000002,10,0,win,1,0,2
M-2011-09,2011-06-30,Canada,France,group stage,0.4,0.1,1.8,1.6,0.2,0.3333333333333333,10,0.5,0.2,1.1,0.7,0.4,0.75,10,-0.09999999999999998,-0.2,1.1,0,0,lose,0,4,0
M-2011-10,2011-06-30,Germany,Nigeria,group stage,0.8,0.0,2.3,0.6,1.7,0.8333333333333334,10,0.0,0.2,0.4,2.1,-1.7,0.5,10,0.8,3.4,0.19999999999999973,0,0,win,1,0,2
M-2011-12,2011-07-01,New Zealand,England,group stage,0.0,0.3,0.4,2.4,-2.0,0.5,10,0.2,0.5,1.2,1.2,0.0,0.0,10,-0.2,-2.0,-0.7999999999999999,0,0,lose,1,2,0
M-2011-11,2011-07-01,Japan,Mexico,group stage,0.4,0.2,1.0,1.1,-0.1,0.0,10,0.2,0.3,1.0,1.3,-0.3,0.0,10,0.2,0.19999999999999998,-0.30000000000000004,0,0,win,4,0,2
M-2011-14,2011-07-02,United States,Colombia,group stage,0.6,0.2,1.7,1.0,0.7,0.5,10,0.2,0.1,0.7,1.3,-0.6,0.0,10,0.39999999999999997,1.2999999999999998,0.3999999999999999,0,0,win,3,0,2
M-2011-13,2011-07-02,North Korea,Sweden,group stage,0.1,0.1,0.6,2.5,-1.9,0.0,10,0.4,0.3,1.0,1.1,-0.1,0.3333333333333333,10,-0.30000000000000004,-1.7999999999999998,-0.5000000000000001,0,0,lose,0,1,0
M-2011-16,2011-07-03,Norway,Brazil,group stage,0.5,0.1,2.1,1.7,0.4,0.25,10,0.7,0.1,1.8,0.8,1.0,0.6,10,-0.19999999999999996,-0.6,1.3,0,0,lose,0,3,0
M-2011-15,2011-07-03,Australia,Equatorial Guinea,group stage,0.2,0.4,1.4,1.7,-0.3,0.0,10,0.0,0.0,0.0,1.0,-1.0,0.5,1,0.2,0.7,0.3999999999999999,9,0,win,3,2,2
M-2011-20,2011-07-05,France,Germany,group stage,0.6,0.1,1.4,0.6,0.8,0.75,10,0.8,0.0,2.1,0.6,1.5,0.8,10,-0.20000000000000007,-0.7,0.7999999999999999,0,0,lose,2,4,0
M-2011-19,2011-07-05,Nigeria,Canada,group stage,0.0,0.2,0.4,1.9,-1.5,0.5,10,0.4,0.1,1.7,1.6,0.1,0.3333333333333333,10,-0.4,-1.6,-1.2000000000000002,0,0,win,1,0,2
M-2011-18,2011-07-05,New Zealand,Mexico,group stage,0.0,0.3,0.5,2.3,-1.8,0.5,10,0.2,0.3,1.0,1.5,-0.5,0.0,10,-0.2,-1.3,-1.0,0,0,draw,2,2,1
M-2011-17,2011-07-05,Japan,England,group stage,0.5,0.1,1.4,1.1,0.3,0.0,10,0.3,0.5,1.4,1.3,0.1,0.0,10,0.2,0.19999999999999998,0.09999999999999987,0,0,lose,0,2,0
M-2011-21,2011-07-06,Australia,Norway,group stage,0.3,0.3,1.5,1.7,-0.2,0.0,10,0.5,0.1,2.0,1.6,0.4,0.25,10,-0.2,-0.6000000000000001,-0.10000000000000009,0,0,win,2,1,2
M-2011-22,2011-07-06,Equatorial Guinea,Brazil,group stage,0.0,0.0,1.0,2.0,-1.0,0.5,2,0.7,0.1,2.0,0.8,1.2,0.6,10,-0.7,-2.2,0.19999999999999996,-8,0,lose,0,3,0
M-2011-23,2011-07-06,North Korea,Colombia,group stage,0.1,0.1,0.6,2.5,-1.9,0.0,10,0.2,0.1,0.7,1.5,-0.8,0.0,10,-0.1,-1.0999999999999999,-0.9,0,0,draw,0,0,1
M-2011-24,2011-07-06,Sweden,United States,group stage,0.4,0.3,0.9,1.0,-0.1,0.0,10,0.6,0.2,1.8,1.0,0.8,0.5,10,-0.19999999999999996,-0.9,-0.09999999999999998,0,0,win,2,1,2
M-2011-26,2011-07-09,Japan,Germany,quarter-final,0.5,0.1,1.3,0.9,0.4,0.0,10,0.8,0.0,2.3,0.8,1.5,0.75,10,-0.30000000000000004,-1.1,0.5,0,1,win,1,0,2
M-2011-25,2011-07-09,France,England,quarter-final,0.5,0.1,1.4,1.0,0.4,0.75,10,0.4,0.4,1.4,1.1,0.3,0.0,10,0.09999999999999998,0.10000000000000003,0.2999999999999998,0,1,win,1,1,2
M-2011-27,2011-07-10,Sweden,Australia,quarter-final,0.5,0.3,1.0,0.9,0.1,0.0,10,0.4,0.3,1.7,1.7,0.0,0.0,10,0.09999999999999998,0.1,-0.7,0,1,win,3,1,2
M-2011-28,2011-07-10,Brazil,United States,quarter-final,0.7,0.1,2.0,0.6,1.4,0.5,10,0.5,0.2,1.8,1.2,0.6,0.5,10,0.19999999999999996,0.7999999999999999,0.8,0,1,lose,2,2,0
M-2011-30,2011-07-13,Japan,Sweden,semi-final,0.6,0.0,1.2,0.7,0.5,0.5,10,0.6,0.2,1.3,1.0,0.3,0.5,10,0.0,0.2,0.19999999999999996,0,1,win,3,1,2
M-2011-29,2011-07-13,France,United States,semi-final,0.5,0.1,1.2,1.0,0.2,0.75,10,0.5,0.2,1.7,1.4,0.3,0.5,10,0.0,-0.09999999999999998,-0.19999999999999996,0,1,lose,1,3,0
M-2011-31,2011-07-16,Sweden,France,third-place match,0.5,0.2,1.3,1.3,0.0,0.3333333333333333,10,0.4,0.1,1.2,1.3,-0.1,0.5,10,0.09999999999999998,0.1,0.0,0,1,win,2,1,2
M-2011-32,2011-07-17,Japan,United States,final,0.6,0.0,1.4,0.8,0.6,0.6666666666666666,10,0.6,0.2,2.0,1.1,0.9,0.75,10,0.0,-0.30000000000000004,0.2999999999999998,0,1,win,2,2,2
M-2014-01,2014-06-12,Brazil,Croatia,group stage,0.6,0.1,1.8,0.8,1.0,0.25,10,0.4,0.2,1.1,0.9,0.2,0.75,10,0.19999999999999996,0.8,0.9,0,0,win,3,1,2
M-2014-04,2014-06-13,Chile,Australia,group stage,0.2,0.3,1.1,2.0,-0.9,0.0,10,0.3,0.3,1.4,1.9,-0.5,0.0,10,-0.09999999999999998,-0.4,-0.7999999999999998,0,0,win,3,1,2
M-2014-03,2014-06-13,Netherlands,Spain,group stage,0.7,0.1,1.4,0.8,0.6,0.6,10,0.8,0.0,1.3,0.6,0.7,0.8,10,-0.10000000000000009,-0.09999999999999998,0.7999999999999999,0,0,win,5,1,2
M-2014-02,2014-06-13,Cameroon,Mexico,group stage,0.1,0.3,0.7,1.9,-1.2,0.5,10,0.1,0.4,0.9,1.6,-0.7,0.0,10,0.0,-0.5,-0.9000000000000001,0,0,lose,0,1,0
M-2014-08,2014-06-14,Japan,Ivory Coast,group stage,0.7,0.0,1.6,0.8,0.8,0.75,10,0.3333333333333333,0.16666666666666666,1.5,1.5,0.0,0.5,6,0.36666666666666664,0.8,0.10000000000000009,4,0,lose,1,2,0
M-2014-05,2014-06-14,Colombia,Greece,group stage,0.2,0.1,0.6,1.4,-0.8,0.0,10,0.16666666666666666,0.0,0.3333333333333333,2.5,-2.1666666666666665,0.5,6,0.033333333333333354,1.3666666666666665,-1.9,4,0,win,3,0,2
M-2014-06,2014-06-14,Uruguay,Costa Rica,group stage,0.4,0.3,1.5,1.3,0.2,0.5,10,0.3,0.1,1.2,2.1,-0.9,0.0,10,0.10000000000000003,1.1,-0.6000000000000001,0,0,lose,1,3,0
M-2014-07,2014-06-14,England,Italy,group stage,0.4,0.3,1.5,1.2,0.3,0.0,10,0.6,0.3,1.6,0.7,0.9,1.0,10,-0.19999999999999996,-0.6000000000000001,0.8,0,0,lose,1,2,0
M-2014-09,2014-06-15,Switzerland,Ecuador,group stage,0.4,0.2,0.9,0.7,0.2,0.0,10,0.42857142857142855,0.0,1.0,1.1428571428571428,-0.14285714285714285,0.0,7,-0.028571428571428525,0.34285714285714286,-0.24285714285714277,3,0,win,2,1,2
M-2014-10,2014-06-15,France,Honduras,group stage,0.3,0.1,1.2,1.5,-0.3,0.25,10,0.0,0.5,0.3333333333333333,1.0,-0.6666666666666666,0.5,6,0.3,0.36666666666666664,0.19999999999999996,4,0,win,3,0,2
M-2014-11,2014-06-15,Argentina,Bosnia and Herzegovina,group stage,0.5,0.0,1.4,2.6,-1.2,0.5,10,0.5,0.2,1.5,1.5,0.0,0.5,0,0.0,-1.2,-0.10000000000000009,10,0,win,2,1,2
M-2014-12,2014-06-16,Portugal,Germany,group stage,0.5,0.2,1.3,0.6,0.7,0.4,10,0.7,0.0,1.9,0.9,1.0,0.6,10,-0.19999999999999996,-0.30000000000000004,0.4,0,0,lose,0,4,0
M-2014-14,2014-06-16,United States,Ghana,group stage,0.5,0.2,1.8,1.2,0.6,0.5,10,0.3,0.1,1.0,2.3,-1.3,0.3333333333333333,10,0.2,1.9,-0.4999999999999998,0,0,win,2,1,2
M-2014-13,2014-06-16,Iran,Nigeria,group stage,0.1111111111111111,0.2222222222222222,0.6666666666666666,2.0,-1.3333333333333333,0.5,9,0.1,0.2,0.5,1.4,-0.9,0.5,10,0.0111111111111111,-0.43333333333333324,-0.7333333333333333,-1,0,draw,0,0,1
M-2014-15,2014-06-17,Belgium,Algeria,group stage,0.2,0.5,1.2,1.4,-0.2,0.0,10,0.2222222222222222,0.2222222222222222,0.6666666666666666,1.3333333333333333,-0.6666666666666666,0.5,9,-0.0222222222222222,0.4666666666666666,-0.1333333333333333,1,0,win,2,1,2
M-2014-16,2014-06-17,Brazil,Mexico,group stage,0.7,0.1,2.1,0.7,1.4,0.3333333333333333,10,0.2,0.3,1.0,1.6,-0.6,0.0,10,0.49999999999999994,2.0,0.5,0,0,draw,0,0,1
M-2014-17,2014-06-17,Russia,South Korea,group stage,0.5,0.0,1.9,1.6,0.3,0.0,10,0.2,0.2,1.0,2.3,-1.3,0.0,10,0.3,1.6,-0.3999999999999999,0,0,draw,1,1,1
M-2014-20,2014-06-18,Cameroon,Croatia,group stage,0.1,0.3,0.6,1.4,-0.8,0.5,10,0.3,0.2,1.1,1.2,-0.1,0.6666666666666666,10,-0.19999999999999998,-0.7000000000000001,-0.6,0,0,lose,0,4,0
M-2014-18,2014-06-18,Australia,Netherlands,group stage,0.3,0.2,1.4,2.1,-0.7,0.0,10,0.7,0.1,1.7,0.8,0.9,0.6,10,-0.39999999999999997,-1.6,0.5999999999999999,0,0,lose,2,3,0
M-2014-19,2014-06-18,Spain,Chile,group stage,0.7,0.0,1.1,1.0,0.1,0.8,10,0.3,0.3,1.3,1.7,-0.4,0.0,10,0.39999999999999997,0.5,-0.5999999999999999,0,0,lose,0,2,0
M-2014-23,2014-06-19,Greece,Japan,group stage,0.14285714285714285,0.0,0.2857142857142857,2.5714285714285716,-2.2857142857142856,0.5,7,0.6,0.0,1.6,1.0,0.6,0.75,10,-0.45714285714285713,-2.8857142857142857,-0.7142857142857143,-3,0,draw,0,0,1
M-2014-22,2014-06-19,England,Uruguay,group stage,0.3,0.3,1.0,1.3,-0.3,0.0,10,0.4,0.3,1.5,1.4,0.1,0.5,10,-0.10000000000000003,-0.4,-0.3999999999999999,0,0,lose,1,2,0
M-2014-21,2014-06-19,Ivory Coast,Colombia,group stage,0.42857142857142855,0.14285714285714285,1.5714285714285714,1.4285714285714286,0.14285714285714285,0.5,7,0.3,0.1,0.8,1.2,-0.4,0.5,10,0.12857142857142856,0.5428571428571429,0.37142857142857144,-3,0,lose,1,2,0
M-2014-26,2014-06-20,Ecuador,Honduras,group stage,0.375,0.0,1.0,1.25,-0.25,0.0,8,0.0,0.42857142857142855,0.2857142857142857,1.2857142857142858,-1.0,0.5,7,0.375,0.75,-0.2857142857142858,1,0,win,2,1,2
M-2014-24,2014-06-20,Italy,Costa Rica,group stage,0.6,0.3,1.6,0.8,0.8,1.0,10,0.3,0.1,1.4,2.2,-0.8,0.0,10,0.3,1.6,-0.6000000000000001,0,0,lose,0,1,0
M-2014-25,2014-06-20,Switzerland,France,group stage,0.4,0.2,0.7,0.7,0.0,0.0,10,0.4,0.1,1.4,1.4,0.0,0.3333333333333333,10,0.0,0.0,-0.7,0,0,lose,2,5,0
M-2014-27,2014-06-21,Argentina,Iran,group stage,0.5,0.0,1.4,2.6,-1.2,0.3333333333333333,10,0.1,0.3,0.6,1.8,-1.2,0.5,10,0.4,0.0,-0.40000000000000013,0,0,win,1,0,2
M-2014-28,2014-06-21,Germany,Ghana,group stage,0.8,0.0,2.3,0.8,1.5,0.6,10,0.2,0.1,0.9,2.4,-1.5,0.3333333333333333,10,0.6000000000000001,3.0,-0.10000000000000009,0,0,draw,2,2,1
M-2014-29,2014-06-21,Nigeria,Bosnia and Herzegovina,group stage,0.1,0.3,0.5,1.1,-0.6,0.5,10,0.0,0.0,1.0,2.0,-1.0,0.5,1,0.1,0.4,-1.5,9,0,win,1,0,2
M-2014-32,2014-06-22,Portugal,United States,group stage,0.4,0.2,1.1,1.0,0.1,0.4,10,0.6,0.1,1.9,1.2,0.7,0.5,10,-0.19999999999999996,-0.6,-0.09999999999999987,0,0,draw,2,2,1
M-2014-31,2014-06-22,Algeria,South Korea,group stage,0.2,0.2,0.7,1.4,-0.7,0.5,10,0.2,0.3,1.1,2.1,-1.0,0.0,10,0.0,0.30000000000000004,-1.4000000000000001,0,0,win,4,2,2
M-2014-30,2014-06-22,Russia,Belgium,group stage,0.4,0.1,1.5,1.7,-0.2,0.0,10,0.2,0.5,1.3,1.5,-0.2,0.0,10,0.2,0.0,0.0,0,0,lose,0,1,0
M-2014-36,2014-06-23,Croatia,Mexico,group stage,0.3,0.2,1.2,1.2,0.0,0.5,10,0.2,0.4,0.9,1.4,-0.5,0.0,10,0.09999999999999998,0.5,-0.19999999999999996,0,0,lose,1,3,0
M-2014-33,2014-06-23,Australia,Spain,group stage,0.3,0.1,1.4,2.2,-0.8,0.0,10,0.6,0.0,1.0,1.2,-0.2,0.8,10,-0.3,-0.6000000000000001,0.19999999999999996,0,0,lose,0,3,0
M-2014-34,2014-06-23,Netherlands,Chile,group stage,0.8,0.0,2.0,1.0,1.0,0.6,10,0.4,0.3,1.3,1.4,-0.1,0.0,10,0.4,1.1,0.6000000000000001,0,0,win,2,0,2
M-2014-35,2014-06-23,Cameroon,Brazil,group stage,0.1,0.2,0.5,1.7,-1.2,0.5,10,0.6,0.2,1.9,0.6,1.3,0.3333333333333333,10,-0.5,-2.5,-0.09999999999999998,0,0,lose,1,4,0
M-2014-40,2014-06-24,Greece,Ivory Coast,group stage,0.125,0.125,0.25,2.25,-2.0,0.5,8,0.375,0.125,1.5,1.5,0.0,0.5,8,-0.25,-2.0,-1.25,0,0,win,2,1,2
M-2014-39,2014-06-24,Colombia,Japan,group stage,0.4,0.1,0.9,1.0,-0.1,0.5,10,0.6,0.1,1.6,0.9,0.7,0.75,10,-0.19999999999999996,-0.7999999999999999,0.0,0,0,win,4,1,2
M-2014-38,2014-06-24,Italy,Uruguay,group stage,0.6,0.2,1.5,0.8,0.7,1.0,10,0.5,0.2,1.7,1.5,0.2,0.5,10,0.09999999999999998,0.49999999999999994,0.0,0,0,lose,0,1,0
M-2014-37,2014-06-24,England,Costa Rica,group stage,0.3,0.3,1.1,1.2,-0.1,0.0,10,0.4,0.1,1.5,2.1,-0.6,0.0,10,-0.10000000000000003,0.5,-1.0,0,0,draw,0,0,1
M-2014-44,2014-06-25,Ecuador,France,group stage,0.4444444444444444,0.0,1.1111111111111112,1.2222222222222223,-0.1111111111111111,0.0,9,0.5,0.0,1.9,1.6,0.3,0.3333333333333333,10,-0.05555555555555558,-0.4111111111111111,-0.48888888888888893,-1,0,draw,0,0,1
M-2014-42,2014-06-25,Nigeria,Argentina,group stage,0.2,0.2,0.5,1.0,-0.5,0.5,10,0.6,0.0,1.4,2.5,-1.1,0.5,10,-0.39999999999999997,0.6000000000000001,-2.0,0,0,lose,2,3,0
M-2014-43,2014-06-25,Switzerland,Honduras,group stage,0.4,0.2,0.9,1.0,-0.1,0.0,10,0.0,0.375,0.375,1.375,-1.0,0.5,8,0.4,0.9,-0.475,2,0,win,3,0,2
M-2014-41,2014-06-25,Iran,Bosnia and Herzegovina,group stage,0.1,0.3,0.6,1.6,-1.0,0.5,10,0.0,0.0,0.5,1.5,-1.0,0.5,2,0.1,0.0,-0.9,8,0,lose,1,3,0
M-2014-45,2014-06-26,Portugal,Ghana,group stage,0.3,0.3,1.1,1.1,0.0,0.4,10,0.2,0.2,1.1,2.3,-1.2,0.5,10,0.09999999999999998,1.2,-1.1999999999999997,0,0,win,2,1,2
M-2014-46,2014-06-26,United States,Germany,group stage,0.6,0.1,1.9,1.2,0.7,0.5,10,0.7,0.1,2.4,1.0,1.4,0.6,10,-0.09999999999999998,-0.7,0.8999999999999999,0,0,lose,0,1,0
M-2014-47,2014-06-26,Algeria,Russia,group stage,0.2,0.2,0.9,1.5,-0.6,0.5,10,0.3,0.1,1.1,1.7,-0.6,0.0,10,-0.09999999999999998,0.0,-0.7999999999999999,0,0,draw,1,1,1
M-2014-48,2014-06-26,South Korea,Belgium,group stage,0.2,0.3,1.3,2.4,-1.1,0.0,10,0.3,0.5,1.4,1.4,0.0,0.0,10,-0.09999999999999998,-1.1,-0.09999999999999987,0,0,lose,0,1,0
M-2014-49,2014-06-28,Brazil,Chile,round of 16,0.6,0.2,2.0,0.6,1.4,0.3333333333333333,10,0.4,0.2,1.1,1.4,-0.3,0.0,10,0.19999999999999996,1.7,0.6000000000000001,0,1,win,1,1,2
M-2014-50,2014-06-28,Colombia,Uruguay,round of 16,0.5,0.1,1.2,0.9,0.3,0.5,10,0.6,0.1,1.5,1.2,0.3,0.5,10,-0.09999999999999998,0.0,0.0,0,1,win,2,0,2
M-2014-52,2014-06-29,Greece,Costa Rica,round of 16,0.2222222222222222,0.1111111111111111,0.4444444444444444,2.111111111111111,-1.6666666666666667,0.5,9,0.3,0.2,1.3,2.0,-0.7,0.0,10,-0.07777777777777778,-0.9666666666666668,-1.5555555555555556,-1,1,lose,1,1,0
M-2014-51,2014-06-29,Netherlands,Mexico,round of 16,0.9,0.0,2.2,0.9,1.3,0.75,10,0.3,0.4,1.1,1.3,-0.2,0.0,10,0.6000000000000001,1.5,0.9000000000000001,0,1,win,2,1,2
M-2014-53,2014-06-30,France,Nigeria,round of 16,0.5,0.1,1.9,1.4,0.5,0.3333333333333333,10,0.2,0.2,0.7,1.1,-0.4,0.5,10,0.3,0.9,0.7999999999999998,0,1,win,2,0,2
M-2014-54,2014-06-30,Germany,Algeria,round of 16,0.7,0.1,2.1,0.9,1.2,0.5,10,0.2,0.3,1.0,1.4,-0.4,0.5,10,0.49999999999999994,1.6,0.7000000000000002,0,1,win,2,1,2
M-2014-56,2014-07-01,United States,Belgium,round of 16,0.5,0.1,1.8,1.3,0.5,0.5,10,0.4,0.5,1.3,1.1,0.2,0.0,10,0.09999999999999998,0.3,0.7,0,1,lose,1,2,0
M-2014-55,2014-07-01,Argentina,Switzerland,round of 16,0.7,0.0,1.7,1.6,0.1,0.5,10,0.5,0.2,1.2,0.7,0.5,0.0,10,0.19999999999999996,-0.4,1.0,0,1,win,1,0,2
M-2014-57,2014-07-04,France,Germany,quarter-finals,0.6,0.1,2.0,1.2,0.8,0.5,10,0.7,0.1,1.9,1.0,0.9,0.5,10,-0.09999999999999998,-0.09999999999999998,1.0,0,1,lose,0,1,0
M-2014-58,2014-07-04,Brazil,Colombia,quarter-finals,0.7,0.1,2.1,0.7,1.4,0.5,10,0.5,0.1,1.2,0.9,0.3,1.0,10,0.19999999999999996,1.0999999999999999,1.2000000000000002,0,1,win,2,1,2
M-2014-60,2014-07-05,Netherlands,Costa Rica,quarter-finals,0.9,0.0,2.2,1.0,1.2,0.8,10,0.4,0.2,1.3,1.7,-0.4,1.0,10,0.5,1.6,0.5000000000000002,0,1,win,0,0,2
M-2014-59,2014-07-05,Argentina,Belgium,quarter-finals,0.8,0.0,1.8,1.5,0.3,0.6666666666666666,10,0.5,0.4,1.5,1.2,0.3,0.5,10,0.30000000000000004,0.0,0.6000000000000001,0,1,win,1,0,2
M-2014-61,2014-07-08,Brazil,Germany,semi-finals,0.7,0.1,2.0,0.8,1.2,0.5,10,0.8,0.1,2.0,0.9,1.1,0.75,10,-0.10000000000000009,0.09999999999999987,1.1,0,1,lose,1,7,0
M-2014-62,2014-07-09,Argentina,Netherlands,semi-finals,0.9,0.0,1.8,0.9,0.9,0.75,10,0.9,0.0,2.1,1.0,1.1,0.8333333333333334,10,0.0,-0.20000000000000007,0.8,0,1,win,0,0,2
M-2014-63,2014-07-12,Brazil,Netherlands,third-place match,0.7,0.1,2.0,1.3,0.7,0.5,10,0.8,0.0,1.9,0.9,1.0,0.7142857142857143,10,-0.10000000000000009,-0.30000000000000004,1.1,0,1,lose,0,3,0
M-2014-64,2014-07-13,Germany,Argentina,final,0.8,0.1,2.4,0.8,1.6,0.75,10,0.9,0.0,1.7,0.9,0.8,0.8,10,-0.09999999999999998,0.8,1.5,0,1,win,1,0,2
M-2015-01,2015-06-06,Canada,China,group stage,0.3,0.1,1.4,1.7,-0.3,0.3333333333333333,10,0.4,0.1,0.8,1.6,-0.8,0.0,10,-0.10000000000000003,0.5,-0.20000000000000018,0,0,win,1,0,2
M-2015-02,2015-06-06,New Zealand,Netherlands,group stage,0.0,0.4,0.7,2.1,-1.4,0.5,10,0.8,0.0,2.0,0.8,1.2,0.7142857142857143,10,-0.8,-2.5999999999999996,-0.10000000000000009,0,0,lose,0,1,0
M-2015-03,2015-06-07,Norway,Thailand,group stage,0.4,0.1,1.4,1.7,-0.3,0.25,10,0.5,0.2,1.5,1.5,0.0,0.5,0,-0.09999999999999998,-0.3,-0.10000000000000009,10,0,win,4,0,2
M-2015-04,2015-06-07,Germany,Ivory Coast,group stage,0.8,0.1,2.3,0.7,1.6,0.8,10,0.3333333333333333,0.1111111111111111,1.4444444444444444,1.5555555555555556,-0.1111111111111111,0.5,9,0.46666666666666673,1.7111111111111112,0.7444444444444442,1,0,win,10,0,2
M-2015-08,2015-06-08,Japan,Switzerland,group stage,0.5,0.1,1.4,1.2,0.2,0.75,10,0.5,0.1,1.2,0.8,0.4,0.0,10,0.0,-0.2,0.5999999999999999,0,0,win,1,0,2
M-2015-07,2015-06-08,Australia,United States,group stage,0.3,0.1,1.2,2.2,-1.0,0.0,10,0.5,0.1,1.8,1.3,0.5,0.5,10,-0.2,-1.5,-0.10000000000000009,0,0,lose,1,3,0
M-2015-06,2015-06-08,Cameroon,Ecuador,group stage,0.1,0.2,0.6,1.8,-1.2,0.5,10,0.4,0.1,1.0,1.1,-0.1,0.0,10,-0.30000000000000004,-1.0999999999999999,-0.5000000000000001,0,0,win,6,0,2
M-2015-05,2015-06-08,Nigeria,Sweden,group stage,0.2,0.2,0.7,1.2,-0.5,0.0,10,0.6,0.1,1.3,1.2,0.1,0.5,10,-0.39999999999999997,-0.6,-0.5,0,0,draw,3,3,1
M-2015-12,2015-06-09,Brazil,South Korea,group stage,0.6,0.1,1.9,1.6,0.3,0.4,10,0.2,0.3,1.2,1.8,-0.6,0.0,10,0.39999999999999997,0.8999999999999999,0.09999999999999987,0,0,win,2,0,2
M-2015-11,2015-06-09,Mexico,Colombia,group stage,0.3,0.3,1.1,1.4,-0.3,0.0,10,0.5,0.1,1.3,1.0,0.3,0.5,10,-0.2,-0.6,0.10000000000000009,0,0,draw,1,1,1
M-2015-10,2015-06-09,Spain,Costa Rica,group stage,0.7,0.0,1.2,0.9,0.3,1.0,10,0.3,0.2,1.1,1.7,-0.6,0.5,10,0.39999999999999997,0.8999999999999999,-0.5,0,0,draw,1,1,1
M-2015-09,2015-06-09,England,France,group stage,0.3,0.3,1.0,1.1,-0.1,0.0,10,0.5,0.1,1.9,1.3,0.6,0.4,10,-0.2,-0.7,-0.30000000000000004,0,0,lose,0,1,0
M-2015-13,2015-06-11,China,Netherlands,group stage,0.4,0.1,0.8,1.3,-0.5,0.0,10,0.8,0.0,1.9,0.7,1.2,0.6666666666666666,10,-0.4,-1.7,0.10000000000000009,0,0,win,1,0,2
M-2015-14,2015-06-11,Germany,Norway,group stage,0.8,0.1,3.2,0.7,2.5,0.8,10,0.5,0.1,1.8,1.6,0.2,0.3333333333333333,10,0.30000000000000004,2.3,1.6,0,0,draw,1,1,1
M-2015-15,2015-06-11,Canada,New Zealand,group stage,0.3,0.1,1.2,1.6,-0.4,0.3333333333333333,10,0.0,0.4,0.6,1.8,-1.2,0.5,10,0.3,0.7999999999999999,-0.6000000000000001,0,0,draw,0,0,1
M-2015-16,2015-06-11,Ivory Coast,Thailand,group stage,0.3,0.1,1.3,2.4,-1.1,0.5,10,0.0,0.0,0.0,4.0,-4.0,0.5,1,0.3,2.9,-2.7,9,0,lose,2,3,0
M-2015-19,2015-06-12,Cameroon,Japan,group stage,0.2,0.1,1.1,1.7,-0.6,0.5,10,0.6,0.1,1.5,1.2,0.3,1.0,10,-0.39999999999999997,-0.8999999999999999,-0.09999999999999987,0,0,lose,1,2,0
M-2015-20,2015-06-12,Sweden,United States,group stage,0.6,0.2,1.6,1.3,0.3,0.6666666666666666,10,0.5,0.1,1.9,1.4,0.5,0.5,10,0.09999999999999998,-0.2,0.20000000000000018,0,0,draw,0,0,1
M-2015-18,2015-06-12,Australia,Nigeria,group stage,0.3,0.1,1.3,2.1,-0.8,0.0,10,0.2,0.3,1.0,1.4,-0.4,0.0,10,0.09999999999999998,-0.4,-0.09999999999999987,0,0,win,2,0,2
M-2015-17,2015-06-12,Ecuador,Switzerland,group stage,0.4,0.1,1.0,1.5,-0.5,0.0,10,0.4,0.1,1.0,0.9,0.1,0.0,10,0.0,-0.6,0.09999999999999998,0,0,lose,1,10,0
M-2015-21,2015-06-13,France,Colombia,group stage,0.5,0.1,1.6,1.3,0.3,0.4,10,0.4,0.2,1.3,1.1,0.2,0.5,10,0.09999999999999998,0.09999999999999998,0.5,0,0,lose,0,2,0
M-2015-22,2015-06-13,Brazil,Spain,group stage,0.6,0.1,1.8,1.6,0.2,0.4,10,0.7,0.1,1.3,0.9,0.4,1.0,10,-0.09999999999999998,-0.2,0.9,0,0,win,1,0,2
M-2015-23,2015-06-13,England,Mexico,group stage,0.3,0.2,1.0,1.2,-0.2,0.0,10,0.2,0.4,1.0,1.5,-0.5,0.0,10,0.09999999999999998,0.3,-0.5,0,0,win,2,1,2
M-2015-24,2015-06-13,South Korea,Costa Rica,group stage,0.1,0.3,1.0,1.9,-0.9,0.0,10,0.3,0.2,1.1,1.7,-0.6,0.5,10,-0.19999999999999998,-0.30000000000000004,-0.7,0,0,draw,2,2,1
M-2015-28,2015-06-15,Canada,Netherlands,group stage,0.2,0.2,1.1,1.6,-0.5,0.0,10,0.7,0.0,1.6,0.6,1.0,0.6,10,-0.49999999999999994,-1.5,0.5000000000000001,0,0,draw,1,1,1
M-2015-27,2015-06-15,New Zealand,China,group stage,0.0,0.5,0.6,1.3,-0.7,0.5,10,0.5,0.1,0.9,1.0,-0.1,0.0,10,-0.5,-0.6,-0.4,0,0,draw,2,2,1
M-2015-26,2015-06-15,Ivory Coast,Norway,group stage,0.3,0.1,1.4,2.5,-1.1,0.5,10,0.4,0.2,1.7,1.6,0.1,0.3333333333333333,10,-0.10000000000000003,-1.2000000000000002,-0.20000000000000018,0,0,lose,1,3,0
M-2015-25,2015-06-15,Germany,Thailand,group stage,0.7,0.2,2.9,0.6,2.3,0.8,10,0.5,0.0,1.5,3.0,-1.5,0.5,2,0.19999999999999996,3.8,-0.10000000000000009,8,0,win,4,0,2
M-2015-32,2015-06-16,Sweden,Australia,group stage,0.6,0.2,1.5,1.2,0.3,0.6666666666666666,10,0.4,0.0,1.4,2.0,-0.6,0.0,10,0.19999999999999996,0.8999999999999999,-0.5,0,0,draw,1,1,1
M-2015-31,2015-06-16,Nigeria,United States,group stage,0.2,0.3,0.9,1.4,-0.5,0.0,10,0.4,0.2,1.6,1.4,0.2,0.5,10,-0.2,-0.7,-0.4999999999999999,0,0,lose,0,1,0
M-2015-30,2015-06-16,Ecuador,Japan,group stage,0.4,0.1,1.0,2.3,-1.3,0.0,10,0.6,0.1,1.5,1.2,0.3,1.0,10,-0.19999999999999996,-1.6,-0.19999999999999996,0,0,lose,0,1,0
M-2015-29,2015-06-16,Cameroon,Switzerland,group stage,0.2,0.0,1.1,1.8,-0.7,0.5,10,0.4,0.1,1.8,1.0,0.8,0.0,10,-0.2,-1.5,0.10000000000000009,0,0,win,2,1,2
M-2015-36,2015-06-17,Costa Rica,Brazil,group stage,0.3,0.3,1.1,1.4,-0.3,0.5,10,0.6,0.1,1.6,1.6,0.0,0.4,10,-0.3,-0.3,-0.5,0,0,lose,0,1,0
M-2015-33,2015-06-17,England,Colombia,group stage,0.3,0.2,1.1,1.3,-0.2,0.0,10,0.5,0.2,1.5,0.9,0.6,0.5,10,-0.2,-0.8,0.20000000000000007,0,0,win,2,1,2
M-2015-34,2015-06-17,Mexico,France,group stage,0.2,0.4,1.1,1.6,-0.5,0.0,10,0.5,0.1,1.4,1.1,0.3,0.4,10,-0.3,-0.8,0.0,0,0,lose,0,5,0
M-2015-35,2015-06-17,South Korea,Spain,group stage,0.1,0.3,1.1,2.0,-0.9,0.0,10,0.6,0.1,1.1,1.0,0.1,1.0,10,-0.5,-1.0,0.10000000000000009,0,0,win,2,1,2
M-2015-38,2015-06-20,Cameroon,China,round of 16,0.2,0.0,1.2,1.9,-0.7,0.5,10,0.4,0.2,1.0,1.2,-0.2,0.0,10,-0.2,-0.49999999999999994,0.0,0,1,lose,0,1,0
M-2015-37,2015-06-20,Sweden,Germany,round of 16,0.6,0.3,1.6,1.1,0.5,0.6666666666666666,10,0.8,0.2,3.3,0.5,2.8,1.0,10,-0.20000000000000007,-2.3,1.1,0,1,lose,1,4,0
M-2015-39,2015-06-21,Brazil,Australia,round of 16,0.7,0.1,1.5,1.4,0.1,0.5,10,0.3,0.1,1.3,2.0,-0.7,0.0,10,0.39999999999999997,0.7999999999999999,-0.5,0,1,lose,0,1,0
M-2015-40,2015-06-21,France,South Korea,round of 16,0.5,0.1,1.8,1.0,0.8,0.25,10,0.2,0.3,1.3,1.9,-0.6,0.0,10,0.3,1.4,-0.09999999999999987,0,1,win,3,0,2
M-2015-41,2015-06-21,Canada,Switzerland,round of 16,0.2,0.3,1.1,1.5,-0.4,0.0,10,0.4,0.1,1.9,1.2,0.7,0.0,10,-0.2,-1.1,-0.09999999999999987,0,1,win,1,0,2
M-2015-42,2015-06-22,England,Norway,round of 16,0.4,0.2,1.2,1.0,0.2,0.0,10,0.5,0.1,1.9,1.6,0.3,0.3333333333333333,10,-0.09999999999999998,-0.09999999999999998,-0.40000000000000013,0,1,win,2,1,2
M-2015-43,2015-06-22,United States,Colombia,round of 16,0.5,0.2,1.6,1.2,0.4,0.5,10,0.5,0.2,1.6,1.0,0.6,0.5,10,0.0,-0.19999999999999996,0.6000000000000001,0,1,win,2,0,2
M-2015-44,2015-06-23,Japan,Netherlands,round of 16,0.6,0.1,1.2,1.2,0.0,1.0,10,0.7,0.1,1.7,0.6,1.1,0.75,10,-0.09999999999999998,-1.1,0.6,0,1,win,2,1,2
M-2015-46,2015-06-26,China,United States,quarter-final,0.5,0.1,1.0,1.1,-0.1,0.3333333333333333,10,0.5,0.2,1.6,1.0,0.6,0.5,10,0.0,-0.7,0.0,0,1,lose,0,1,0
M-2015-45,2015-06-26,Germany,France,quarter-final,0.8,0.2,3.3,0.6,2.7,1.0,10,0.6,0.1,2.0,0.7,1.3,0.5,10,0.20000000000000007,1.4000000000000001,2.5999999999999996,0,1,win,1,1,2
M-2015-48,2015-06-27,England,Canada,quarter-final,0.5,0.1,1.3,1.0,0.3,0.5,10,0.3,0.3,1.1,1.2,-0.1,1.0,10,0.2,0.4,0.10000000000000009,0,1,win,2,1,2
M-2015-47,2015-06-27,Australia,Japan,quarter-final,0.4,0.1,1.4,1.9,-0.5,0.5,10,0.7,0.1,1.4,1.1,0.3,1.0,10,-0.29999999999999993,-0.8,0.2999999999999998,0,1,lose,0,1,0
M-2015-49,2015-06-30,United States,Germany,semi-final,0.5,0.2,1.4,0.9,0.5,0.5,10,0.9,0.1,3.2,0.5,2.7,1.0,10,-0.4,-2.2,0.8999999999999999,0,1,win,2,0,2
M-2015-50,2015-07-01,Japan,England,semi-final,0.7,0.1,1.4,1.1,0.3,1.0,10,0.5,0.1,1.3,1.0,0.3,0.6666666666666666,10,0.19999999999999996,0.0,0.3999999999999999,0,1,win,2,1,2
M-2015-51,2015-07-04,Germany,England,third-place match,0.8,0.1,3.1,0.7,2.4,0.8571428571428571,10,0.4,0.1,1.2,1.2,0.0,0.5,10,0.4,2.4,1.9000000000000001,0,1,lose,0,1,0
M-2015-52,2015-07-05,United States,Japan,final,0.6,0.2,1.4,0.7,0.7,0.75,10,0.7,0.1,1.3,1.1,0.2,1.0,10,-0.09999999999999998,0.49999999999999994,0.2999999999999998,0,1,win,5,2,2
M-2018-01,2018-06-14,Russia,Saudi Arabia,group stage,0.3,0.2,1.2,1.6,-0.4,0.0,10,0.0,0.2,0.5,2.9,-2.4,0.0,10,0.3,2.0,-1.7,0,0,win,5,0,2
M-2018-04,2018-06-15,Spain,Portugal,group stage,0.5,0.1,1.0,1.1,-0.1,1.0,10,0.3,0.3,1.2,1.2,0.0,0.25,10,0.2,-0.1,-0.19999999999999996,0,0,draw,3,3,1
M-2018-03,2018-06-15,Iran,Morocco,group stage,0.1,0.2,0.6,1.8,-1.2,0.5,10,0.2,0.3,1.0,1.2,-0.2,0.0,10,-0.1,-1.0,-0.6,0,0,win,1,0,2
M-2018-02,2018-06-15,Uruguay,Egypt,group stage,0.6,0.0,1.5,1.4,0.1,0.4,10,0.0,0.5,0.75,1.5,-0.75,0.0,4,0.6,0.85,0.0,6,0,win,1,0,2
M-2018-08,2018-06-16,Nigeria,Croatia,group stage,0.2,0.2,0.7,1.3,-0.6,0.0,10,0.3,0.2,1.2,1.3,-0.1,1.0,10,-0.09999999999999998,-0.5,-0.6000000000000001,0,0,lose,0,2,0
M-2018-07,2018-06-16,Denmark,Peru,group stage,0.4,0.1,1.2,1.5,-0.3,0.0,10,0.2,0.3,1.1,2.2,-1.1,0.0,10,0.2,0.8,-1.0000000000000002,0,0,win,1,0,2
M-2018-05,2018-06-16,France,Australia,group stage,0.6,0.1,2.0,0.6,1.4,0.5,10,0.3,0.1,1.1,1.8,-0.7,0.3333333333333333,10,0.3,2.0999999999999996,0.19999999999999996,0,0,win,2,1,2
M-2018-06,2018-06-16,Argentina,Iceland,group stage,0.8,0.0,1.3,0.9,0.4,0.6666666666666666,10,0.5,0.2,1.5,1.5,0.0,0.5,0,0.30000000000000004,0.4,-0.19999999999999996,10,0,draw,1,1,1
M-2018-09,2018-06-17,Costa Rica,Serbia,group stage,0.3,0.3,0.9,1.1,-0.2,0.5,10,0.3333333333333333,0.0,0.6666666666666666,1.0,-0.3333333333333333,0.5,3,-0.033333333333333326,0.1333333333333333,-0.09999999999999998,7,0,lose,0,1,0
M-2018-10,2018-06-17,Germany,Mexico,group stage,0.7,0.1,2.9,0.7,2.2,0.7142857142857143,10,0.2,0.4,1.0,1.8,-0.8,0.0,10,0.49999999999999994,3.0,1.0999999999999999,0,0,lose,0,1,0
M-2018-11,2018-06-17,Brazil,Switzerland,group stage,0.6,0.1,1.2,1.4,-0.2,0.4,10,0.3,0.1,1.8,1.3,0.5,0.0,10,0.3,-0.7,-0.10000000000000009,0,0,draw,1,1,1
M-2018-14,2018-06-18,Tunisia,England,group stage,0.0,0.4,0.5,1.5,-1.0,0.5,10,0.5,0.1,1.2,1.1,0.1,0.75,10,-0.5,-1.1,-0.6000000000000001,0,0,lose,1,2,0
M-2018-13,2018-06-18,Panama,Belgium,group stage,0.5,0.2,1.5,1.5,0.0,0.5,0,0.5,0.3,1.3,1.1,0.2,0.3333333333333333,10,0.0,-0.2,0.3999999999999999,-10,0,lose,0,3,0
M-2018-12,2018-06-18,South Korea,Sweden,group stage,0.1,0.3,1.1,2.2,-1.1,0.0,10,0.5,0.3,1.5,1.4,0.1,0.5,10,-0.4,-1.2000000000000002,-0.2999999999999998,0,0,lose,0,1,0
M-2018-17,2018-06-19,Russia,Egypt,group stage,0.3,0.2,1.5,1.6,-0.1,0.0,10,0.0,0.4,0.6,1.4,-0.8,0.0,5,0.3,0.7000000000000001,0.10000000000000009,5,0,win,3,1,2
M-2018-16,2018-06-19,Senegal,Poland,group stage,0.4,0.4,1.4,1.2,0.2,0.5,5,0.3,0.1,0.6,1.8,-1.2,0.0,10,0.10000000000000003,1.4,-0.40000000000000013,-5,0,win,2,1,2
M-2018-15,2018-06-19,Japan,Colombia,group stage,0.6,0.1,1.3,1.4,-0.1,0.75,10,0.5,0.2,1.6,0.9,0.7,0.3333333333333333,10,0.09999999999999998,-0.7999999999999999,0.4,0,0,win,2,1,2
M-2018-18,2018-06-20,Portugal,Morocco,group stage,0.2,0.4,1.5,1.5,0.0,0.0,10,0.2,0.2,1.0,1.3,-0.3,0.0,10,0.0,0.3,0.19999999999999996,0,0,win,1,0,2
M-2018-19,2018-06-20,Uruguay,Saudi Arabia,group stage,0.6,0.0,1.3,1.4,-0.1,0.4,10,0.0,0.2,0.4,3.1,-2.7,0.5,10,0.6,2.6,-1.8,0,0,win,1,0,2
M-2018-20,2018-06-20,Iran,Spain,group stage,0.2,0.2,0.6,1.4,-0.8,0.5,10,0.4,0.2,1.2,1.4,-0.2,1.0,10,-0.2,-0.6000000000000001,-0.7999999999999999,0,0,lose,0,1,0
M-2018-22,2018-06-21,Peru,France,group stage,0.2,0.3,0.9,1.9,-1.0,0.5,10,0.6,0.1,1.9,0.7,1.2,0.5,10,-0.39999999999999997,-2.2,0.20000000000000007,0,0,lose,0,1,0
M-2018-23,2018-06-21,Argentina,Croatia,group stage,0.7,0.1,1.2,1.0,0.2,0.6666666666666666,10,0.3,0.2,1.2,1.2,0.0,0.5,10,0.39999999999999997,0.2,0.0,0,0,lose,0,3,0
M-2018-21,2018-06-21,Denmark,Australia,group stage,0.4,0.1,1.1,1.4,-0.3,0.0,10,0.2,0.1,1.0,1.9,-0.9,0.3333333333333333,10,0.2,0.6000000000000001,-0.7999999999999998,0,0,draw,1,1,1
M-2018-26,2018-06-22,Serbia,Switzerland,group stage,0.5,0.0,0.75,0.75,0.0,0.5,4,0.3,0.2,1.9,1.3,0.6,0.0,10,0.2,-0.6,-0.55,-6,0,lose,1,2,0
M-2018-25,2018-06-22,Iceland,Nigeria,group stage,0.0,1.0,1.0,1.0,0.0,0.5,1,0.2,0.2,0.7,1.4,-0.7,0.0,10,-0.2,0.7,-0.3999999999999999,-9,0,lose,0,2,0
M-2018-24,2018-06-22,Brazil,Costa Rica,group stage,0.6,0.1,1.3,1.5,-0.2,0.4,10,0.3,0.3,0.9,0.9,0.0,0.5,10,0.3,-0.2,0.4,0,0,win,2,0,2
M-2018-27,2018-06-23,Belgium,Tunisia,group stage,0.6,0.2,1.5,1.0,0.5,0.3333333333333333,10,0.0,0.3,0.6,1.7,-1.1,0.5,10,0.6,1.6,-0.19999999999999996,0,0,win,5,2,2
M-2018-28,2018-06-23,South Korea,Mexico,group stage,0.1,0.3,1.0,1.9,-0.9,0.0,10,0.3,0.3,1.0,1.7,-0.7,0.0,10,-0.19999999999999998,-0.20000000000000007,-0.7,0,0,lose,1,2,0
M-2018-29,2018-06-23,Germany,Sweden,group stage,0.6,0.1,2.8,0.8,2.0,0.6666666666666666,10,0.5,0.3,1.5,1.4,0.1,0.5,10,0.09999999999999998,1.9,1.4,0,0,win,2,1,2
M-2018-32,2018-06-24,Colombia,Poland,group stage,0.5,0.1,1.7,1.1,0.6,0.3333333333333333,10,0.3,0.0,0.7,2.0,-1.3,0.0,10,0.2,1.9,-0.30000000000000004,0,0,win,3,0,2
M-2018-31,2018-06-24,Senegal,Japan,group stage,0.5,0.3333333333333333,1.5,1.1666666666666667,0.3333333333333333,0.5,6,0.7,0.1,1.4,1.3,0.1,0.75,10,-0.19999999999999996,0.2333333333333333,0.19999999999999996,-4,0,draw,2,2,1
M-2018-30,2018-06-24,England,Panama,group stage,0.6,0.1,1.3,1.0,0.3,0.75,10,0.0,0.0,0.0,3.0,-3.0,0.5,1,0.6,3.3,-1.7,9,0,win,6,1,2
M-2018-35,2018-06-25,Morocco,Spain,group stage,0.2,0.1,1.0,1.4,-0.4,0.0,10,0.4,0.2,1.2,1.4,-0.2,1.0,10,-0.2,-0.2,-0.3999999999999999,0,0,draw,2,2,1
M-2018-36,2018-06-25,Portugal,Iran,group stage,0.3,0.4,1.6,1.4,0.2,0.0,10,0.2,0.2,0.6,1.4,-0.8,0.5,10,0.09999999999999998,1.0,0.20000000000000018,0,0,draw,1,1,1
M-2018-34,2018-06-25,Uruguay,Russia,group stage,0.6,0.0,1.3,1.4,-0.1,0.4,10,0.4,0.2,1.8,1.6,0.2,0.0,10,0.19999999999999996,-0.30000000000000004,-0.30000000000000004,0,0,win,3,0,2
M-2018-33,2018-06-25,Egypt,Saudi Arabia,group stage,0.0,0.3333333333333333,0.6666666666666666,1.6666666666666667,-1.0,0.0,6,0.0,0.2,0.4,3.1,-2.7,0.5,10,0.0,1.7000000000000002,-2.4333333333333336,-4,0,lose,1,2,0
M-2018-37,2018-06-26,Australia,Peru,group stage,0.2,0.2,1.0,1.7,-0.7,0.5,10,0.1,0.3,0.6,1.9,-1.3,0.5,10,0.1,0.6000000000000001,-0.8999999999999999,0,0,lose,0,2,0
M-2018-38,2018-06-26,Denmark,France,group stage,0.4,0.1,1.1,1.4,-0.3,0.0,10,0.6,0.1,1.5,0.5,1.0,0.5,10,-0.19999999999999996,-1.3,0.6000000000000001,0,0,draw,0,0,1
M-2018-39,2018-06-26,Iceland,Croatia,group stage,0.0,0.5,0.5,1.5,-1.0,0.5,2,0.4,0.2,1.5,1.1,0.4,0.5,10,-0.4,-1.4,-0.6000000000000001,-8,0,lose,1,2,0
M-2018-40,2018-06-26,Nigeria,Argentina,group stage,0.3,0.2,0.9,1.3,-0.4,0.0,10,0.6,0.1,0.9,1.2,-0.3,0.6,10,-0.3,-0.10000000000000003,-0.29999999999999993,0,0,lose,1,2,0
M-2018-43,2018-06-27,Brazil,Serbia,group stage,0.6,0.1,1.1,1.4,-0.3,0.4,10,0.4,0.0,0.8,1.0,-0.2,0.5,5,0.19999999999999996,-0.09999999999999998,0.10000000000000009,5,0,win,2,0,2
M-2018-44,2018-06-27,Switzerland,Costa Rica,group stage,0.4,0.1,2.1,1.4,0.7,0.0,10,0.3,0.3,0.8,0.9,-0.1,0.5,10,0.10000000000000003,0.7999999999999999,1.2000000000000002,0,0,draw,2,2,1
M-2018-42,2018-06-27,Mexico,Sweden,group stage,0.4,0.3,1.2,1.4,-0.2,0.0,10,0.4,0.3,1.5,1.6,-0.1,0.5,10,0.0,-0.1,-0.40000000000000013,0,0,lose,0,3,0
M-2018-41,2018-06-27,Germany,South Korea,group stage,0.6,0.1,2.3,0.8,1.5,0.6,10,0.1,0.2,0.9,1.9,-1.0,0.0,10,0.5,2.5,0.3999999999999999,0,0,lose,0,2,0
M-2018-48,2018-06-28,Tunisia,Panama,group stage,0.0,0.3,0.8,2.0,-1.2,0.5,10,0.0,0.0,0.5,4.5,-4.0,0.5,2,0.0,2.8,-3.7,8,0,win,2,1,2
M-2018-47,2018-06-28,Belgium,England,group stage,0.7,0.1,1.8,1.0,0.8,0.3333333333333333,10,0.7,0.1,1.8,0.9,0.9,0.75,10,0.0,-0.09999999999999998,0.9,0,0,win,1,0,2
M-2018-46,2018-06-28,Senegal,Colombia,group stage,0.42857142857142855,0.42857142857142855,1.5714285714285714,1.2857142857142858,0.2857142857142857,0.5,7,0.5,0.1,1.7,1.1,0.6,0.3333333333333333,10,-0.07142857142857145,-0.3142857142857143,0.4714285714285713,-3,0,lose,0,1,0
M-2018-45,2018-06-28,Poland,Japan,group stage,0.2,0.0,0.6,2.3,-1.7,0.0,10,0.7,0.1,1.6,1.5,0.1,0.75,10,-0.49999999999999994,-1.8,-0.9,0,0,win,1,0,2
M-2018-49,2018-06-30,France,Argentina,round of 16,0.6,0.1,1.5,0.5,1.0,0.5,10,0.7,0.1,1.1,0.9,0.2,0.75,10,-0.09999999999999998,0.8,0.6,0,1,win,4,3,2
M-2018-50,2018-06-30,Uruguay,Portugal,round of 16,0.6,0.0,1.4,1.3,0.1,0.25,10,0.3,0.5,1.6,1.2,0.4,0.0,10,0.3,-0.30000000000000004,0.19999999999999996,0,1,win,2,1,2
M-2018-51,2018-07-01,Spain,Russia,round of 16,0.3,0.3,1.3,1.6,-0.3,1.0,10,0.4,0.2,1.6,1.6,0.0,0.0,10,-0.10000000000000003,-0.3,-0.30000000000000004,0,1,lose,1,1,0
M-2018-52,2018-07-01,Croatia,Denmark,round of 16,0.4,0.2,1.5,1.1,0.4,0.5,10,0.3,0.2,0.9,1.4,-0.5,0.0,10,0.10000000000000003,0.9,0.10000000000000009,0,1,win,1,1,2
M-2018-54,2018-07-02,Japan,Belgium,round of 16,0.7,0.1,1.5,1.2,0.3,0.75,10,0.8,0.0,1.8,0.9,0.9,0.3333333333333333,10,-0.10000000000000009,-0.6000000000000001,0.6,0,1,lose,2,3,0
M-2018-53,2018-07-02,Brazil,Mexico,round of 16,0.6,0.1,1.2,1.3,-0.1,0.25,10,0.4,0.2,1.0,1.5,-0.5,0.0,10,0.19999999999999996,0.4,-0.30000000000000004,0,1,win,2,0,2
M-2018-55,2018-07-03,Sweden,Switzerland,round of 16,0.4,0.3,1.6,1.5,0.1,0.5,10,0.3,0.2,2.1,1.5,0.6,0.0,10,0.10000000000000003,-0.5,0.10000000000000009,0,1,win,1,0,2
M-2018-56,2018-07-03,Colombia,England,round of 16,0.5,0.1,1.6,1.0,0.6,0.3333333333333333,10,0.7,0.0,1.8,1.0,0.8,0.75,10,-0.19999999999999996,-0.20000000000000007,0.6000000000000001,0,1,lose,1,1,0
M-2018-58,2018-07-06,Belgium,Brazil,quarter-finals,0.8,0.0,1.8,0.9,0.9,0.5,10,0.6,0.1,1.2,1.2,0.0,0.25,10,0.20000000000000007,0.9,0.6000000000000001,0,1,win,2,1,2
M-2018-57,2018-07-06,Uruguay,France,quarter-finals,0.6,0.0,1.5,1.3,0.2,0.25,10,0.6,0.1,1.7,0.8,0.9,0.5,10,0.0,-0.7,0.7,0,1,lose,0,2,0
M-2018-60,2018-07-07,Croatia,Russia,quarter-finals,0.5,0.2,1.6,1.1,0.5,1.0,10,0.4,0.2,1.5,1.6,-0.1,0.5,10,0.09999999999999998,0.6,0.0,0,1,win,2,2,2
M-2018-59,2018-07-07,Sweden,England,quarter-finals,0.4,0.3,1.4,1.4,0.0,0.5,10,0.8,0.0,1.9,1.0,0.9,0.8,10,-0.4,-0.9,0.3999999999999999,0,1,lose,0,2,0
M-2018-61,2018-07-10,France,Belgium,semi-finals,0.7,0.1,1.9,0.7,1.2,0.75,10,0.9,0.0,2.0,0.8,1.2,0.75,10,-0.20000000000000007,0.0,1.0999999999999999,0,1,win,1,0,2
M-2018-62,2018-07-11,Croatia,England,semi-finals,0.6,0.2,1.8,1.2,0.6,1.0,10,0.8,0.0,1.9,0.9,1.0,0.8333333333333334,10,-0.20000000000000007,-0.4,0.9,0,1,win,2,1,2
M-2018-63,2018-07-14,Belgium,England,third-place match,0.8,0.0,1.8,0.8,1.0,0.6,10,0.7,0.0,1.8,1.0,0.8,0.7142857142857143,10,0.10000000000000009,0.19999999999999996,0.8,0,1,win,2,0,2
M-2018-64,2018-07-15,Croatia,France,final,0.7,0.1,2.0,1.3,0.7,1.0,10,0.7,0.1,1.9,0.7,1.2,0.8,10,0.0,-0.5,1.3,0,1,lose,2,4,0
M-2019-01,2019-06-07,France,South Korea,group stage,0.8,0.1,2.3,0.7,1.6,0.8333333333333334,10,0.2,0.2,1.0,1.7,-0.7,0.0,10,0.6000000000000001,2.3,0.5999999999999999,0,0,win,4,0,2
M-2019-02,2019-06-08,Germany,China,group stage,0.5,0.1,2.2,1.0,1.2,0.5,10,0.4,0.1,0.9,1.2,-0.3,0.25,10,0.09999999999999998,1.5,1.0000000000000002,0,0,win,1,0,2
M-2019-03,2019-06-08,Spain,South Africa,group stage,0.2,0.3,1.3,1.7,-0.4,0.0,10,0.2222222222222222,0.4444444444444444,1.2222222222222223,1.7777777777777777,-0.5555555555555556,0.5,9,-0.0222222222222222,0.15555555555555556,-0.47777777777777763,1,0,win,3,1,2
M-2019-04,2019-06-08,Norway,Nigeria,group stage,0.4,0.1,1.3,1.6,-0.3,0.25,10,0.2,0.2,0.9,1.5,-0.6,0.0,10,0.2,0.3,-0.19999999999999996,0,0,win,3,0,2
M-2019-05,2019-06-09,Australia,Italy,group stage,0.2,0.2,0.9,1.6,-0.7,0.5,10,0.5,0.2,1.3,0.9,0.4,1.0,10,-0.3,-1.1,0.0,0,0,lose,1,2,0
M-2019-06,2019-06-09,Brazil,Jamaica,group stage,0.6,0.1,1.2,0.7,0.5,0.25,10,0.3333333333333333,0.0,1.0,3.0,-2.0,0.5,3,0.26666666666666666,2.5,-1.8,7,0,win,3,0,2
M-2019-07,2019-06-09,England,Scotland,group stage,0.6,0.0,1.6,1.1,0.5,0.5714285714285714,10,0.1,0.3,0.7,1.4,-0.7,0.5,10,0.5,1.2,0.20000000000000018,0,0,win,2,1,2
M-2019-09,2019-06-10,Canada,Cameroon,group stage,0.3,0.3,1.1,1.2,-0.1,0.5,10,0.2,0.0,1.2,1.8,-0.6,0.0,10,0.09999999999999998,0.5,-0.7,0,0,win,1,0,2
M-2019-08,2019-06-10,Argentina,Japan,group stage,0.6,0.1,1.2,1.2,0.0,0.6,10,0.6,0.1,1.6,1.5,0.1,0.6,10,0.0,-0.1,-0.30000000000000004,0,0,draw,0,0,1
M-2019-10,2019-06-11,New Zealand,Netherlands,group stage,0.0,0.6,0.8,1.3,-0.5,0.5,10,0.6,0.1,1.3,0.7,0.6,0.6,10,-0.6,-1.1,0.10000000000000009,0,0,lose,0,1,0
M-2019-11,2019-06-11,Chile,Sweden,group stage,0.4,0.1,1.1,1.4,-0.3,0.0,10,0.4,0.3,1.3,1.3,0.0,0.5,10,0.0,-0.3,-0.19999999999999996,0,0,lose,0,2,0
M-2019-12,2019-06-11,United States,Thailand,group stage,0.6,0.2,1.7,0.8,0.9,0.8,10,0.3333333333333333,0.0,1.0,3.3333333333333335,-2.3333333333333335,0.5,3,0.26666666666666666,3.2333333333333334,-1.6333333333333335,7,0,win,13,0,2
M-2019-15,2019-06-12,Norway,France,group stage,0.4,0.1,1.5,1.6,-0.1,0.0,10,0.8,0.1,2.2,0.7,1.5,0.8333333333333334,10,-0.4,-1.6,0.8,0,0,lose,1,2,0
M-2019-14,2019-06-12,Spain,Germany,group stage,0.3,0.3,1.5,1.3,0.2,0.0,10,0.5,0.1,1.3,1.0,0.3,0.5,10,-0.2,-0.09999999999999998,0.5,0,0,lose,0,1,0
M-2019-13,2019-06-12,South Korea,Nigeria,group stage,0.2,0.1,0.9,2.0,-1.1,0.0,10,0.2,0.1,0.9,1.8,-0.9,0.0,10,0.0,-0.20000000000000007,-0.9,0,0,lose,0,2,0
M-2019-16,2019-06-13,Australia,Brazil,group stage,0.2,0.2,0.8,1.5,-0.7,0.5,10,0.7,0.1,1.5,0.4,1.1,0.3333333333333333,10,-0.49999999999999994,-1.8,0.4,0,0,win,3,2,2
M-2019-17,2019-06-13,South Africa,China,group stage,0.2,0.4,1.2,1.9,-0.7,0.5,10,0.4,0.1,0.9,1.2,-0.3,0.3333333333333333,10,-0.2,-0.39999999999999997,0.0,0,0,lose,0,1,0
M-2019-20,2019-06-14,Argentina,England,group stage,0.5,0.2,1.1,1.2,-0.1,0.6,10,0.6,0.0,1.6,1.1,0.5,0.5,10,-0.09999999999999998,-0.6,0.0,0,0,lose,0,1,0
M-2019-19,2019-06-14,Italy,Jamaica,group stage,0.5,0.2,1.4,1.0,0.4,1.0,10,0.25,0.0,0.75,3.0,-2.25,0.5,4,0.25,2.65,-1.6,6,0,win,5,0,2
M-2019-18,2019-06-14,Scotland,Japan,group stage,0.1,0.2,0.6,1.4,-0.8,0.5,10,0.5,0.2,1.4,1.4,0.0,0.6,10,-0.4,-0.8,-0.7999999999999999,0,0,lose,1,2,0
M-2019-21,2019-06-15,Netherlands,Cameroon,group stage,0.6,0.1,1.1,0.5,0.6,0.6,10,0.2,0.0,1.2,1.8,-0.6,0.0,10,0.39999999999999997,1.2,-0.7,0,0,win,3,1,2
M-2019-22,2019-06-15,Canada,New Zealand,group stage,0.3,0.3,0.8,1.2,-0.4,0.5,10,0.0,0.6,0.8,1.2,-0.4,0.5,10,0.3,0.0,-0.3999999999999999,0,0,win,2,0,2
M-2019-24,2019-06-16,Chile,United States,group stage,0.4,0.0,1.0,1.5,-0.5,0.0,10,0.7,0.1,2.8,0.6,2.2,0.8,10,-0.29999999999999993,-2.7,0.4,0,0,lose,0,3,0
M-2019-23,2019-06-16,Sweden,Thailand,group stage,0.4,0.3,1.3,1.2,0.1,0.3333333333333333,10,0.25,0.0,0.75,5.75,-5.0,0.5,4,0.15000000000000002,5.1,-4.45,6,0,win,5,1,2
M-2019-28,2019-06-17,Norway,South Korea,group stage,0.4,0.1,1.6,1.5,0.1,0.0,10,0.2,0.1,0.7,1.8,-1.1,0.0,10,0.2,1.2000000000000002,-0.19999999999999996,0,0,win,2,1,2
M-2019-27,2019-06-17,France,Nigeria,group stage,0.8,0.1,2.1,0.8,1.3,0.8,10,0.2,0.1,1.0,1.8,-0.8,0.0,10,0.6000000000000001,2.1,0.30000000000000004,0,0,win,1,0,2
M-2019-26,2019-06-17,South Africa,Germany,group stage,0.2,0.4,1.2,1.7,-0.5,0.5,10,0.6,0.0,1.3,0.9,0.4,0.5,10,-0.39999999999999997,-0.9,0.29999999999999993,0,0,lose,0,4,0
M-2019-25,2019-06-17,Spain,China,group stage,0.3,0.3,1.5,1.2,0.3,0.0,10,0.4,0.1,0.7,1.0,-0.3,0.3333333333333333,10,-0.10000000000000003,0.6,0.5,0,0,draw,0,0,1
M-2019-30,2019-06-18,Australia,Jamaica,group stage,0.3,0.2,1.1,1.4,-0.3,0.5,10,0.2,0.0,0.6,3.4,-2.8,0.5,5,0.09999999999999998,2.5,-2.3,5,0,win,4,1,2
M-2019-29,2019-06-18,Italy,Brazil,group stage,0.5,0.2,1.6,1.0,0.6,1.0,10,0.6,0.1,1.5,0.7,0.8,0.3333333333333333,10,-0.09999999999999998,-0.20000000000000007,0.9000000000000001,0,0,lose,0,1,0
M-2019-31,2019-06-19,Japan,England,group stage,0.5,0.2,1.5,1.5,0.0,0.6,10,0.7,0.0,1.6,0.9,0.7,0.6,10,-0.19999999999999996,-0.7,0.6,0,0,lose,0,2,0
M-2019-32,2019-06-19,Scotland,Argentina,group stage,0.1,0.2,0.7,1.5,-0.8,0.5,10,0.4,0.2,0.8,1.1,-0.3,0.6,10,-0.30000000000000004,-0.5,-0.40000000000000013,0,0,draw,3,3,1
M-2019-36,2019-06-20,Chile,Thailand,group stage,0.4,0.0,0.9,1.4,-0.5,0.0,10,0.2,0.0,0.8,5.6,-4.8,0.5,5,0.2,4.3,-4.699999999999999,5,0,win,2,0,2
M-2019-33,2019-06-20,Cameroon,New Zealand,group stage,0.2,0.0,1.2,1.9,-0.7,0.0,10,0.0,0.5,0.7,1.3,-0.6,0.5,10,0.2,-0.09999999999999998,-0.10000000000000009,0,0,win,2,1,2
M-2019-34,2019-06-20,Netherlands,Canada,group stage,0.6,0.1,1.2,0.6,0.6,0.6,10,0.4,0.2,0.8,1.0,-0.2,0.5,10,0.19999999999999996,0.8,0.19999999999999996,0,0,win,2,1,2
M-2019-35,2019-06-20,Sweden,United States,group stage,0.5,0.2,1.5,1.0,0.5,0.3333333333333333,10,0.8,0.1,3.1,0.5,2.6,0.8,10,-0.30000000000000004,-2.1,1.0,0,0,lose,0,2,0
M-2019-37,2019-06-22,Nigeria,Germany,round of 16,0.2,0.1,0.8,1.6,-0.8,0.0,10,0.6,0.0,1.3,0.9,0.4,0.5,10,-0.39999999999999997,-1.2000000000000002,-0.09999999999999998,0,1,lose,0,3,0
M-2019-38,2019-06-22,Norway,Australia,round of 16,0.5,0.1,1.7,1.2,0.5,0.0,10,0.4,0.2,1.4,1.2,0.2,0.5,10,0.09999999999999998,0.3,0.5,0,1,win,1,1,2
M-2019-40,2019-06-23,Brazil,France,round of 16,0.6,0.1,1.5,0.7,0.8,0.3333333333333333,10,0.9,0.1,2.1,0.7,1.4,1.0,10,-0.30000000000000004,-0.5999999999999999,0.8,0,1,lose,1,2,0
M-2019-39,2019-06-23,England,Cameroon,round of 16,0.7,0.0,1.7,0.9,0.8,0.5,10,0.3,0.0,1.3,1.8,-0.5,0.0,10,0.39999999999999997,1.3,-0.10000000000000009,0,1,win,3,0,2
M-2019-41,2019-06-24,Spain,United States,round of 16,0.2,0.4,1.2,1.2,0.0,0.0,10,0.9,0.1,3.2,0.3,2.9,1.0,10,-0.7,-2.9,0.8999999999999999,0,1,lose,1,2,0
M-2019-42,2019-06-24,Sweden,Canada,round of 16,0.5,0.1,1.5,1.2,0.3,0.3333333333333333,10,0.4,0.2,0.8,1.0,-0.2,0.5,10,0.09999999999999998,0.5,0.5,0,1,win,1,0,2
M-2019-44,2019-06-25,Netherlands,Japan,round of 16,0.6,0.1,1.2,0.6,0.6,0.5,10,0.4,0.2,1.3,1.6,-0.3,0.5,10,0.19999999999999996,0.8999999999999999,-0.40000000000000013,0,1,win,2,1,2
M-2019-43,2019-06-25,Italy,China,round of 16,0.4,0.2,1.4,1.1,0.3,1.0,10,0.4,0.2,0.7,0.6,0.1,0.3333333333333333,10,0.0,0.19999999999999998,0.7999999999999999,0,1,win,2,0,2
M-2019-45,2019-06-27,Norway,England,quarter-final,0.5,0.1,1.7,1.3,0.4,0.5,10,0.7,0.0,1.8,0.8,1.0,0.6,10,-0.19999999999999996,-0.6,0.8999999999999999,0,1,lose,0,3,0
M-2019-46,2019-06-28,France,United States,quarter-final,0.9,0.1,2.1,0.7,1.4,1.0,10,0.9,0.1,3.1,0.3,2.8,1.0,10,0.0,-1.4,1.8,0,1,lose,1,2,0
M-2019-48,2019-06-29,Sweden,Germany,quarter-final,0.6,0.0,1.5,1.1,0.4,0.5,10,0.6,0.0,1.2,0.8,0.4,0.5,10,0.0,0.0,0.7,0,1,win,2,1,2
M-2019-47,2019-06-29,Italy,Netherlands,quarter-final,0.4,0.2,1.5,1.0,0.5,1.0,10,0.6,0.1,1.4,0.7,0.7,0.5,10,-0.19999999999999996,-0.19999999999999996,0.8,0,1,lose,0,2,0
M-2019-49,2019-07-02,United States,England,semi-final,1.0,0.0,3.3,0.4,2.9,1.0,10,0.7,0.0,1.5,0.7,0.8,0.6666666666666666,10,0.30000000000000004,2.0999999999999996,2.5999999999999996,0,1,win,2,1,2
M-2019-50,2019-07-03,Netherlands,Sweden,semi-final,0.7,0.1,1.6,0.7,0.9,0.75,10,0.7,0.0,1.6,0.8,0.8,0.75,10,0.0,0.09999999999999998,0.8,0,1,win,1,0,2
M-2019-51,2019-07-06,England,Sweden,third-place match,0.7,0.0,1.6,0.8,0.8,0.5714285714285714,10,0.6,0.0,1.5,0.9,0.6,0.6,10,0.09999999999999998,0.20000000000000007,0.7000000000000001,0,1,lose,1,2,0
M-2019-52,2019-07-07,United States,Netherlands,final,1.0,0.0,3.4,0.5,2.9,1.0,10,0.7,0.1,1.4,0.7,0.7,0.75,10,0.30000000000000004,2.2,2.7,0,1,win,2,0,2
M-2022-01,2022-11-20,Qatar,Ecuador,group stage,0.5,0.2,1.5,1.5,0.0,0.5,0,0.3,0.1,0.9,2.4,-1.5,0.0,10,0.2,1.5,-0.8999999999999999,-10,0,lose,0,2,0
M-2022-04,2022-11-21,Wales,United States,group stage,0.2,0.6,0.8,0.8,0.0,0.0,5,1.0,0.0,3.4,0.5,2.9,1.0,10,-0.8,-2.9,0.30000000000000004,-5,0,draw,1,1,1
M-2022-03,2022-11-21,Netherlands,Senegal,group stage,0.6,0.1,1.3,0.9,0.4,0.6,10,0.375,0.375,1.375,1.25,0.125,0.5,8,0.22499999999999998,0.275,0.050000000000000044,2,0,win,2,0,2
M-2022-02,2022-11-21,England,Iran,group stage,0.6,0.0,1.6,0.9,0.7,0.42857142857142855,10,0.1,0.3,0.5,1.4,-0.9,0.5,10,0.5,1.6,0.20000000000000018,0,0,win,6,2,2
M-2022-08,2022-11-22,France,Australia,group stage,0.8,0.1,2.1,0.9,1.2,0.8333333333333334,10,0.3,0.2,1.3,1.3,0.0,0.3333333333333333,10,0.5,1.2,0.8,0,0,win,4,1,2
M-2022-07,2022-11-22,Mexico,Poland,group stage,0.3,0.2,0.9,1.7,-0.8,0.0,10,0.3,0.0,0.7,2.0,-1.3,0.0,10,0.0,0.5,-1.1,0,0,draw,0,0,1
M-2022-06,2022-11-22,Denmark,Tunisia,group stage,0.3,0.2,1.0,1.2,-0.2,0.0,10,0.1,0.3,1.0,2.0,-1.0,0.5,10,0.19999999999999998,0.8,-1.0,0,0,draw,0,0,1
M-2022-05,2022-11-22,Saudi Arabia,Argentina,group stage,0.1,0.2,0.6,2.8,-2.2,0.5,10,0.3,0.3,1.0,1.4,-0.4,0.5,10,-0.19999999999999998,-1.8000000000000003,-0.7999999999999999,0,0,win,2,1,2
M-2022-09,2022-11-23,Morocco,Croatia,group stage,0.1,0.2,0.9,1.5,-0.6,0.0,10,0.7,0.0,2.0,1.5,0.5,0.75,10,-0.6,-1.1,-0.6,0,0,draw,0,0,1
M-2022-10,2022-11-23,Germany,Japan,group stage,0.5,0.0,1.2,0.9,0.3,0.25,10,0.3,0.2,1.3,1.8,-0.5,0.25,10,0.2,0.8,-0.6000000000000001,0,0,lose,1,2,0
M-2022-11,2022-11-23,Spain,Costa Rica,group stage,0.2,0.3,1.2,1.3,-0.1,0.0,10,0.2,0.4,0.7,1.0,-0.3,0.5,10,0.0,0.19999999999999998,0.19999999999999996,0,0,win,7,0,2
M-2022-12,2022-11-23,Belgium,Canada,group stage,0.8,0.0,1.9,0.8,1.1,0.6666666666666666,10,0.4,0.2,0.8,0.7,0.1,0.3333333333333333,10,0.4,1.0,1.2,0,0,win,1,0,2
M-2022-16,2022-11-24,Brazil,Serbia,group stage,0.5,0.1,1.5,0.9,0.6,0.25,10,0.3333333333333333,0.0,0.6666666666666666,1.1666666666666667,-0.5,0.5,6,0.16666666666666669,1.1,0.33333333333333326,4,0,win,2,0,2
M-2022-15,2022-11-24,Ghana,Portugal,group stage,0.2,0.2,1.1,2.1,-1.0,0.5,10,0.3,0.4,1.7,1.4,0.3,0.0,10,-0.09999999999999998,-1.3,-0.2999999999999998,0,0,lose,2,3,0
M-2022-14,2022-11-24,Uruguay,South Korea,group stage,0.6,0.0,1.3,1.2,0.1,0.25,10,0.2,0.1,0.8,1.9,-1.1,0.0,10,0.39999999999999997,1.2000000000000002,-0.5999999999999999,0,0,draw,0,0,1
M-2022-13,2022-11-24,Cameroon,Switzerland,group stage,0.3,0.0,1.3,2.0,-0.7,0.0,10,0.3,0.2,1.9,1.1,0.8,0.0,10,0.0,-1.5,0.19999999999999996,0,0,lose,0,1,0
M-2022-20,2022-11-25,England,United States,group stage,0.6,0.0,2.0,1.1,0.9,0.3333333333333333,10,0.9,0.1,3.4,0.6,2.8,1.0,10,-0.30000000000000004,-1.9,1.4,0,0,draw,0,0,1
M-2022-19,2022-11-25,Ecuador,Netherlands,group stage,0.3,0.1,0.9,2.4,-1.5,0.0,10,0.7,0.1,1.5,0.8,0.7,0.6,10,-0.39999999999999997,-2.2,0.09999999999999998,0,0,draw,1,1,1
M-2022-18,2022-11-25,Qatar,Senegal,group stage,0.0,0.0,0.0,2.0,-2.0,0.5,1,0.3333333333333333,0.3333333333333333,1.2222222222222223,1.3333333333333333,-0.1111111111111111,0.5,9,-0.3333333333333333,-1.8888888888888888,-1.3333333333333333,-8,0,lose,1,3,0
M-2022-17,2022-11-25,Iran,Wales,group stage,0.1,0.3,0.7,1.8,-1.1,0.5,10,0.16666666666666666,0.6666666666666666,0.8333333333333334,0.8333333333333334,0.0,0.0,6,-0.06666666666666665,-1.1,-0.13333333333333341,4,0,win,2,0,2
M-2022-21,2022-11-26,Tunisia,Australia,group stage,0.1,0.3,0.9,1.9,-1.0,0.5,10,0.3,0.1,1.3,1.6,-0.3,0.3333333333333333,10,-0.19999999999999998,-0.7,-0.7000000000000001,0,0,lose,0,1,0
M-2022-22,2022-11-26,Poland,Saudi Arabia,group stage,0.3,0.1,0.7,1.6,-0.9,0.5,10,0.2,0.1,0.6,2.7,-2.1,0.5,10,0.09999999999999998,1.2000000000000002,-2.0,0,0,win,2,0,2
M-2022-23,2022-11-26,France,Denmark,group stage,0.9,0.0,2.5,1.0,1.5,0.8333333333333334,10,0.3,0.3,0.8,0.9,-0.1,0.0,10,0.6000000000000001,1.6,1.6,0,0,win,2,1,2
M-2022-24,2022-11-26,Argentina,Mexico,group stage,0.2,0.3,1.0,1.6,-0.6,0.3333333333333333,10,0.3,0.2,0.9,1.7,-0.8,0.0,10,-0.09999999999999998,0.20000000000000007,-0.7,0,0,win,2,0,2
M-2022-27,2022-11-27,Canada,Croatia,group stage,0.4,0.2,0.8,0.7,0.1,0.3333333333333333,10,0.7,0.1,1.9,1.2,0.7,0.75,10,-0.29999999999999993,-0.6,-0.3999999999999999,0,0,lose,1,4,0
M-2022-28,2022-11-27,Germany,Spain,group stage,0.5,0.0,1.3,0.9,0.4,0.3333333333333333,10,0.3,0.3,1.9,1.2,0.7,0.0,10,0.2,-0.29999999999999993,0.10000000000000009,0,0,draw,1,1,1
M-2022-26,2022-11-27,Morocco,Belgium,group stage,0.1,0.3,0.9,1.4,-0.5,0.5,10,0.8,0.0,1.9,0.8,1.1,0.6666666666666666,10,-0.7000000000000001,-1.6,0.09999999999999998,0,0,win,2,0,2
M-2022-25,2022-11-27,Costa Rica,Japan,group stage,0.1,0.4,0.6,1.7,-1.1,0.5,10,0.3,0.2,1.3,1.8,-0.5,0.0,10,-0.19999999999999998,-0.6000000000000001,-1.2000000000000002,0,0,win,1,0,2
M-2022-29,2022-11-28,Cameroon,Serbia,group stage,0.3,0.0,1.3,1.7,-0.4,0.0,10,0.2857142857142857,0.0,0.5714285714285714,1.2857142857142858,-0.7142857142857143,0.5,7,0.01428571428571429,0.3142857142857143,0.014285714285714235,3,0,draw,3,3,1
M-2022-30,2022-11-28,South Korea,Ghana,group stage,0.2,0.2,0.8,1.7,-0.9,0.0,10,0.2,0.2,1.3,2.0,-0.7,0.5,10,0.0,-0.20000000000000007,-1.2,0,0,lose,2,3,0
M-2022-31,2022-11-28,Brazil,Switzerland,group stage,0.6,0.1,1.7,0.8,0.9,0.3333333333333333,10,0.3,0.2,1.7,1.1,0.6,0.0,10,0.3,0.30000000000000004,0.5999999999999999,0,0,win,1,0,2
M-2022-32,2022-11-28,Portugal,Uruguay,group stage,0.3,0.4,1.3,1.6,-0.3,0.0,10,0.6,0.1,1.1,0.9,0.2,0.3333333333333333,10,-0.3,-0.5,0.4,0,0,win,2,0,2
M-2022-36,2022-11-29,Wales,England,group stage,0.14285714285714285,0.5714285714285714,0.7142857142857143,1.0,-0.2857142857142857,0.0,7,0.6,0.1,1.9,0.9,1.0,0.4,10,-0.45714285714285713,-1.2857142857142856,-0.18571428571428572,-3,0,lose,0,3,0
M-2022-35,2022-11-29,United States,Iran,group stage,0.8,0.2,3.2,0.6,2.6,1.0,10,0.2,0.3,0.8,1.5,-0.7,0.5,10,0.6000000000000001,3.3,1.7000000000000002,0,0,win,1,0,2
M-2022-33,2022-11-29,Ecuador,Senegal,group stage,0.2,0.2,0.7,2.5,-1.8,0.0,10,0.4,0.3,1.4,1.3,0.1,0.5,10,-0.2,-1.9000000000000001,-0.6000000000000001,0,0,lose,1,2,0
M-2022-34,2022-11-29,Netherlands,Qatar,group stage,0.7,0.1,1.5,0.8,0.7,0.6,10,0.0,0.0,0.5,2.5,-2.0,0.5,2,0.7,2.7,-1.0,8,0,win,2,0,2
M-2022-40,2022-11-30,Mexico,Saudi Arabia,group stage,0.2,0.2,0.6,1.8,-1.2,0.0,10,0.2,0.1,0.6,2.1,-1.5,0.5,10,0.0,0.30000000000000004,-1.5,0,0,win,2,1,2
M-2022-39,2022-11-30,Argentina,Poland,group stage,0.2,0.3,1.2,1.6,-0.4,0.0,10,0.4,0.1,0.9,1.4,-0.5,0.5,10,-0.2,0.09999999999999998,-0.19999999999999996,0,0,win,2,0,2
M-2022-37,2022-11-30,Australia,Denmark,group stage,0.3,0.1,1.3,1.6,-0.3,0.0,10,0.2,0.3,0.7,1.1,-0.4,0.0,10,0.09999999999999998,0.10000000000000003,0.19999999999999996,0,0,win,1,0,2
M-2022-38,2022-11-30,Tunisia,France,group stage,0.1,0.3,0.9,1.8,-0.9,0.5,10,0.9,0.0,2.3,0.8,1.5,0.8,10,-0.8,-2.4,0.09999999999999998,0,0,win,1,0,2
M-2022-44,2022-12-01,Japan,Spain,group stage,0.3,0.2,1.1,1.4,-0.3,0.0,10,0.3,0.4,1.9,1.1,0.8,0.0,10,0.0,-1.1,0.0,0,0,win,2,1,2
M-2022-41,2022-12-01,Canada,Morocco,group stage,0.3,0.2,0.8,1.1,-0.3,0.3333333333333333,10,0.2,0.3,1.1,1.3,-0.2,0.5,10,0.09999999999999998,-0.09999999999999998,-0.5,0,0,lose,1,2,0
M-2022-42,2022-12-01,Croatia,Belgium,group stage,0.7,0.1,1.9,1.3,0.6,0.75,10,0.7,0.0,1.7,0.9,0.8,0.6,10,0.0,-0.20000000000000007,0.9999999999999999,0,0,draw,0,0,1
M-2022-43,2022-12-01,Costa Rica,Germany,group stage,0.2,0.3,0.7,1.7,-1.0,0.5,10,0.5,0.1,1.4,0.9,0.5,0.5,10,-0.3,-1.5,-0.20000000000000007,0,0,lose,2,4,0
M-2022-45,2022-12-02,Uruguay,Ghana,group stage,0.6,0.1,1.0,0.8,0.2,0.3333333333333333,10,0.3,0.2,1.4,1.5,-0.1,0.5,10,0.3,0.30000000000000004,-0.5,0,0,win,2,0,2
M-2022-48,2022-12-02,Serbia,Switzerland,group stage,0.25,0.125,0.875,1.5,-0.625,0.5,8,0.3,0.2,1.7,1.1,0.6,0.0,10,-0.04999999999999999,-1.225,-0.2250000000000001,-2,0,lose,2,3,0
M-2022-47,2022-12-02,Brazil,Cameroon,group stage,0.7,0.0,1.7,0.7,1.0,0.3333333333333333,10,0.3,0.1,1.5,1.6,-0.1,0.0,10,0.39999999999999997,1.1,0.09999999999999987,0,0,lose,0,1,0
M-2022-46,2022-12-02,Portugal,South Korea,group stage,0.4,0.3,1.5,1.6,-0.1,0.0,10,0.2,0.1,0.8,1.8,-1.0,0.0,10,0.2,0.9,-0.30000000000000004,0,0,lose,1,2,0
M-2022-49,2022-12-03,Netherlands,United States,round of 16,0.8,0.1,1.6,0.6,1.0,0.75,10,0.8,0.2,2.8,0.4,2.4,1.0,10,0.0,-1.4,1.2000000000000002,0,1,win,3,1,2
M-2022-50,2022-12-03,Argentina,Australia,round of 16,0.3,0.3,1.4,1.5,-0.1,0.0,10,0.4,0.1,1.4,1.5,-0.1,0.0,10,-0.10000000000000003,0.0,-0.10000000000000009,0,1,win,2,1,2
M-2022-52,2022-12-04,Senegal,England,round of 16,0.4,0.3,1.5,1.4,0.1,0.5,10,0.7,0.1,2.2,0.7,1.5,0.5,10,-0.29999999999999993,-1.4,0.8,0,1,lose,0,3,0
M-2022-51,2022-12-04,Poland,France,round of 16,0.4,0.1,0.9,1.2,-0.3,0.5,10,0.8,0.0,2.1,0.9,1.2,0.75,10,-0.4,-1.5,0.0,0,1,lose,1,3,0
M-2022-53,2022-12-05,Japan,Croatia,round of 16,0.3,0.2,1.1,1.4,-0.3,0.0,10,0.7,0.2,1.8,1.0,0.8,0.75,10,-0.39999999999999997,-1.1,0.10000000000000009,0,1,lose,1,1,0
M-2022-54,2022-12-05,Brazil,South Korea,round of 16,0.6,0.0,1.5,0.8,0.7,0.3333333333333333,10,0.2,0.1,0.8,1.8,-1.0,0.0,10,0.39999999999999997,1.7,-0.30000000000000004,0,1,win,4,1,2
M-2022-56,2022-12-06,Switzerland,Portugal,round of 16,0.4,0.2,2.0,1.2,0.8,0.0,10,0.4,0.3,1.6,1.7,-0.1,0.0,10,0.0,0.9,0.30000000000000004,0,1,lose,1,6,0
M-2022-55,2022-12-06,Morocco,Spain,round of 16,0.3,0.3,1.2,1.2,0.0,0.5,10,0.3,0.3,1.7,1.0,0.7,0.0,10,0.0,-0.7,0.19999999999999996,0,1,win,0,0,2
M-2022-57,2022-12-09,Croatia,Brazil,quarter-finals,0.7,0.2,1.7,1.1,0.6,0.8,10,0.6,0.0,1.7,0.9,0.8,0.5,10,0.09999999999999998,-0.20000000000000007,0.7999999999999999,0,1,win,1,1,2
M-2022-58,2022-12-09,Netherlands,Argentina,quarter-finals,0.8,0.1,1.8,0.7,1.1,0.8,10,0.4,0.2,1.5,1.5,0.0,0.5,10,0.4,1.1,0.30000000000000004,0,1,lose,2,2,0
M-2022-59,2022-12-10,Morocco,Portugal,quarter-finals,0.4,0.3,1.1,1.0,0.1,1.0,10,0.5,0.3,2.2,1.4,0.8,0.5,10,-0.09999999999999998,-0.7000000000000001,-0.2999999999999998,0,1,win,1,0,2
M-2022-60,2022-12-10,England,France,quarter-finals,0.7,0.1,2.3,0.6,1.7,0.6,10,0.8,0.0,2.3,1.0,1.3,0.75,10,-0.10000000000000009,0.3999999999999999,1.2999999999999998,0,1,lose,1,2,0
M-2022-61,2022-12-13,Argentina,Croatia,semi-finals,0.5,0.2,1.7,1.4,0.3,0.6666666666666666,10,0.7,0.2,1.5,1.2,0.3,0.8333333333333334,10,-0.19999999999999996,0.0,0.5,0,1,win,3,0,2
M-2022-62,2022-12-14,France,Morocco,semi-finals,0.8,0.0,2.1,0.9,1.2,0.75,10,0.5,0.2,1.0,0.8,0.2,1.0,10,0.30000000000000004,1.0,1.3,0,1,win,2,0,2
M-2022-63,2022-12-17,Croatia,Morocco,third-place match,0.6,0.2,1.3,1.4,-0.1,0.7142857142857143,10,0.5,0.2,1.0,0.7,0.3,0.6666666666666666,10,0.09999999999999998,-0.4,0.6000000000000001,0,1,win,2,1,2
M-2022-64,2022-12-18,Argentina,France,final,0.5,0.2,1.8,1.3,0.5,0.75,10,0.8,0.0,1.9,0.9,1.0,0.8,10,-0.30000000000000004,-0.5,0.9,0,1,win,3,3,2
